date,open,high,low,close,count
2024-11-27,91931.83077291827,91931.83077291827,91931.83077291827,91931.83077291827,1
2024-11-28,95981.18057210564,95981.18057210564,95981.18057210564,95981.18057210564,1
2024-11-29,95661.59595817851,95661.59595817851,95661.59595817851,95661.59595817851,1
2024-11-30,97453.2473451042,97453.2473451042,97453.2473451042,97453.2473451042,1
2024-12-01,96513.14234698225,96513.14234698225,96513.14234698225,96513.14234698225,1
2024-12-02,97311.70719084324,97311.70719084324,97311.70719084324,97311.70719084324,1
2024-12-03,95833.1362300365,95833.1362300365,95833.1362300365,95833.1362300365,1
2024-12-04,96031.63097759831,96031.63097759831,96031.63097759831,96031.63097759831,1
2024-12-05,98881.4694561823,98881.4694561823,98881.4694561823,98881.4694561823,1
2024-12-06,97201.50036407741,97201.50036407741,97201.50036407741,97201.50036407741,1
2024-12-07,99973.85150659826,99973.85150659826,99973.85150659826,99973.85150659826,1
2024-12-08,99781.82999198174,99781.82999198174,99781.82999198174,99781.82999198174,1
2024-12-09,101235.3717025316,101235.3717025316,101235.3717025316,101235.3717025316,1
2024-12-10,97353.94700820887,97353.94700820887,97353.94700820887,97353.94700820887,1
2024-12-11,96649.71446771531,96649.71446771531,96649.71446771531,96649.71446771531,1
2024-12-12,101123.61811033697,101123.61811033697,101123.61811033697,101123.61811033697,1
2024-12-13,100000.80836535197,100000.80836535197,100000.80836535197,100000.80836535197,1
2024-12-14,101352.22971292294,101352.22971292294,101352.22971292294,101352.22971292294,1
2024-12-15,101367.01064553364,101367.01064553364,101367.01064553364,101367.01064553364,1
2024-12-16,104721.50151808978,104721.50151808978,104721.50151808978,104721.50151808978,1
2024-12-17,106074.10723541168,106074.10723541168,106074.10723541168,106074.10723541168,1
2024-12-18,106034.913402645,106034.913402645,106034.913402645,106034.913402645,1
2024-12-19,100355.5761481501,100355.5761481501,100355.5761481501,100355.5761481501,1
2024-12-20,97851.35377075805,97851.35377075805,97851.35377075805,97851.35377075805,1
2024-12-21,97691.43431692653,97691.43431692653,97691.43431692653,97691.43431692653,1
2024-12-22,97202.82496847633,97202.82496847633,97202.82496847633,97202.82496847633,1
2024-12-23,95094.27394862173,95094.27394862173,95094.27394862173,95094.27394862173,1
2024-12-24,94644.91085464321,94644.91085464321,94644.91085464321,94644.91085464321,1
2024-12-25,98695.71400782601,98695.71400782601,98695.71400782601,98695.71400782601,1
2024-12-26,99344.95417367229,99344.95417367229,99344.95417367229,99344.95417367229,1
2024-12-27,95678.31244565405,95678.31244565405,95678.31244565405,95678.31244565405,1
2024-12-28,94331.94727053077,94331.94727053077,94331.94727053077,94331.94727053077,1
2024-12-29,95184.61945288602,95184.61945288602,95184.61945288602,95184.61945288602,1
2024-12-30,93663.44751964067,93663.44751964067,93663.44751964067,93663.44751964067,1
2024-12-31,92627.28213113277,92627.28213113277,92627.28213113277,92627.28213113277,1
2025-01-01,93507.85874741491,93507.85874741491,93507.85874741491,93507.85874741491,1
2025-01-02,94384.1761153871,94384.1761153871,94384.1761153871,94384.1761153871,1
2025-01-03,96852.14681235075,96852.14681235075,96852.14681235075,96852.14681235075,1
2025-01-04,98084.34279280754,98084.34279280754,98084.34279280754,98084.34279280754,1
2025-01-05,98256.73876849933,98256.73876849933,98256.73876849933,98256.73876849933,1
2025-01-06,98364.58946599838,98364.58946599838,98364.58946599838,98364.58946599838,1
2025-01-07,102229.39453189743,102229.39453189743,102229.39453189743,102229.39453189743,1
2025-01-08,96952.09886774956,96952.09886774956,96952.09886774956,96952.09886774956,1
2025-01-09,95016.71440989176,95016.71440989176,95016.71440989176,95016.71440989176,1
2025-01-10,92376.27578346101,92376.27578346101,92376.27578346101,92376.27578346101,1
2025-01-11,94736.6267420969,94736.6267420969,94736.6267420969,94736.6267420969,1
2025-01-12,94559.55167224213,94559.55167224213,94559.55167224213,94559.55167224213,1
2025-01-13,94454.77089638807,94454.77089638807,94454.77089638807,94454.77089638807,1
2025-01-14,94456.3493746993,94456.3493746993,94456.3493746993,94456.3493746993,1
2025-01-15,96574.07768799194,96574.07768799194,96574.07768799194,96574.07768799194,1
2025-01-16,100313.15239828422,100313.15239828422,100313.15239828422,100313.15239828422,1
2025-01-17,100044.57926776377,100044.57926776377,100044.57926776377,100044.57926776377,1
2025-01-18,104160.69358484233,104160.69358484233,104160.69358484233,104160.69358484233,1
2025-01-19,104334.61575724394,104334.61575724394,104334.61575724394,104334.61575724394,1
2025-01-20,101275.33714814208,101275.33714814208,101275.33714814208,101275.33714814208,1
2025-01-21,101764.90860170545,101764.90860170545,101764.90860170545,101764.90860170545,1
2025-01-22,106182.2368201815,106182.2368201815,106182.2368201815,106182.2368201815,1
2025-01-23,103673.53509537787,103673.53509537787,103673.53509537787,103673.53509537787,1
2025-01-24,104067.60991206947,104067.60991206947,104067.60991206947,104067.60991206947,1
2025-01-25,104835.19253555956,104835.19253555956,104835.19253555956,104835.19253555956,1
2025-01-26,104796.04077738234,104796.04077738234,104796.04077738234,104796.04077738234,1
2025-01-27,102552.24874280207,102552.24874280207,102552.24874280207,102552.24874280207,1
2025-01-28,101958.46953745594,101958.46953745594,101958.46953745594,101958.46953745594,1
2025-01-29,101313.11264498268,101313.11264498268,101313.11264498268,101313.11264498268,1
2025-01-30,103718.97939813645,103718.97939813645,103718.97939813645,103718.97939813645,1
2025-01-31,104781.5135100103,104781.5135100103,104781.5135100103,104781.5135100103,1
2025-02-01,102382.39409722165,102382.39409722165,102382.39409722165,102382.39409722165,1
2025-02-02,100674.78762544956,100674.78762544956,100674.78762544956,100674.78762544956,1
2025-02-03,97568.31653024875,97568.31653024875,97568.31653024875,97568.31653024875,1
2025-02-04,101466.8606657039,101466.8606657039,101466.8606657039,101466.8606657039,1
2025-02-05,98118.43921664466,98118.43921664466,98118.43921664466,98118.43921664466,1
2025-02-06,96582.88682919052,96582.88682919052,96582.88682919052,96582.88682919052,1
2025-02-07,96635.41875332211,96635.41875332211,96635.41875332211,96635.41875332211,1
2025-02-08,96558.4563096667,96558.4563096667,96558.4563096667,96558.4563096667,1
2025-02-09,96558.23762501091,96558.23762501091,96558.23762501091,96558.23762501091,1
2025-02-10,96548.57865379585,96548.57865379585,96548.57865379585,96548.57865379585,1
2025-02-11,97399.98161383197,97399.98161383197,97399.98161383197,97399.98161383197,1
2025-02-12,95739.97737079239,95739.97737079239,95739.97737079239,95739.97737079239,1
2025-02-13,97836.18856127483,97836.18856127483,97836.18856127483,97836.18856127483,1
2025-02-14,96561.6639990985,96561.6639990985,96561.6639990985,96561.6639990985,1
2025-02-15,97488.48148536457,97488.48148536457,97488.48148536457,97488.48148536457,1
2025-02-16,97569.95169430465,97569.95169430465,97569.95169430465,97569.95169430465,1
2025-02-17,96149.3484548204,96149.3484548204,96149.3484548204,96149.3484548204,1
2025-02-18,95776.15723852723,95776.15723852723,95776.15723852723,95776.15723852723,1
2025-02-19,95495.89153299287,95495.89153299287,95495.89153299287,95495.89153299287,1
2025-02-20,96554.87156259285,96554.87156259285,96554.87156259285,96554.87156259285,1
2025-02-21,98384.31738240314,98384.31738240314,98384.31738240314,98384.31738240314,1
2025-02-22,96135.15541305285,96135.15541305285,96135.15541305285,96135.15541305285,1
2025-02-23,96564.15414290235,96564.15414290235,96564.15414290235,96564.15414290235,1
2025-02-24,96327.46309127835,96327.46309127835,96327.46309127835,96327.46309127835,1
2025-02-25,91396.76686930266,91396.76686930266,91396.76686930266,91396.76686930266,1
2025-02-26,88755.7693356979,88755.7693356979,88755.7693356979,88755.7693356979,1
2025-02-27,83900.11496524839,83900.11496524839,83900.11496524839,83900.11496524839,1
2025-02-28,84709.14477847965,84709.14477847965,84709.14477847965,84709.14477847965,1
2025-03-01,84441.9012237131,84441.9012237131,84441.9012237131,84441.9012237131,1
2025-03-02,86005.25629681018,86005.25629681018,86005.25629681018,86005.25629681018,1
2025-03-03,94261.53286538439,94261.53286538439,94261.53286538439,94261.53286538439,1
2025-03-04,86124.71418722175,86124.71418722175,86124.71418722175,86124.71418722175,1
2025-03-05,87310.80531078295,87310.80531078295,87310.80531078295,87310.80531078295,1
2025-03-06,90604.08098523637,90604.08098523637,90604.08098523637,90604.08098523637,1
2025-03-07,90001.40087607042,90001.40087607042,90001.40087607042,90001.40087607042,1
2025-03-08,86773.33597555371,86773.33597555371,86773.33597555371,86773.33597555371,1
2025-03-09,86142.9833586432,86142.9833586432,86142.9833586432,86142.9833586432,1
2025-03-10,80751.13893300897,80751.13893300897,80751.13893300897,80751.13893300897,1
2025-03-11,78783.94057934263,78783.94057934263,78783.94057934263,78783.94057934263,1
2025-03-12,82799.1080292053,82799.1080292053,82799.1080292053,82799.1080292053,1
2025-03-13,83884.24578828987,83884.24578828987,83884.24578828987,83884.24578828987,1
2025-03-14,81098.90052436228,81098.90052436228,81098.90052436228,81098.90052436228,1
2025-03-15,83971.70916064628,83971.70916064628,83971.70916064628,83971.70916064628,1
2025-03-16,84391.69087647168,84391.69087647168,84391.69087647168,84391.69087647168,1
2025-03-17,82610.61750343916,82610.61750343916,82610.61750343916,82610.61750343916,1
2025-03-18,84075.36559694471,84075.36559694471,84075.36559694471,84075.36559694471,1
2025-03-19,82780.03048688271,82780.03048688271,82780.03048688271,82780.03048688271,1
2025-03-20,86815.44109470697,86815.44109470697,86815.44109470697,86815.44109470697,1
2025-03-21,84270.84358966233,84270.84358966233,84270.84358966233,84270.84358966233,1
2025-03-22,84009.532917822,84009.532917822,84009.532917822,84009.532917822,1
2025-03-23,83793.30854192551,83793.30854192551,83793.30854192551,83793.30854192551,1
2025-03-24,85787.70914901773,85787.70914901773,85787.70914901773,85787.70914901773,1
2025-03-25,87327.72969669085,87327.72969669085,87327.72969669085,87327.72969669085,1
2025-03-26,87520.58391530563,87520.58391530563,87520.58391530563,87520.58391530563,1
2025-03-27,86960.8555491039,86960.8555491039,86960.8555491039,86960.8555491039,1
2025-03-28,87227.27158032371,87227.27158032371,87227.27158032371,87227.27158032371,1
2025-03-29,84359.46915506005,84359.46915506005,84359.46915506005,84359.46915506005,1
2025-03-30,82679.17255385047,82679.17255385047,82679.17255385047,82679.17255385047,1
2025-03-31,82356.38111183756,82356.38111183756,82356.38111183756,82356.38111183756,1
2025-04-01,82514.09365397849,82514.09365397849,82514.09365397849,82514.09365397849,1
2025-04-02,85237.5876052852,85237.5876052852,85237.5876052852,85237.5876052852,1
2025-04-03,82526.4221526433,82526.4221526433,82526.4221526433,82526.4221526433,1
2025-04-04,83163.98757387721,83163.98757387721,83163.98757387721,83163.98757387721,1
2025-04-05,83852.00765399594,83852.00765399594,83852.00765399594,83852.00765399594,1
2025-04-06,83595.88550177493,83595.88550177493,83595.88550177493,83595.88550177493,1
2025-04-07,78211.48358199988,78211.48358199988,78211.48358199988,78211.48358199988,1
2025-04-08,79179.29226757778,79179.29226757778,79179.29226757778,79179.29226757778,1
2025-04-09,76329.090356324,76329.090356324,76329.090356324,76329.090356324,1
2025-04-10,82622.17029546302,82622.17029546302,82622.17029546302,82622.17029546302,1
2025-04-11,79596.35732250768,79596.35732250768,79596.35732250768,79596.35732250768,1
2025-04-12,83439.28818043756,83439.28818043756,83439.28818043756,83439.28818043756,1
2025-04-13,85305.09728392666,85305.09728392666,85305.09728392666,85305.09728392666,1
2025-04-14,83600.82010054543,83600.82010054543,83600.82010054543,83600.82010054543,1
2025-04-15,84523.4524914945,84523.4524914945,84523.4524914945,84523.4524914945,1
2025-04-16,83656.49248858042,83656.49248858042,83656.49248858042,83656.49248858042,1
2025-04-17,84105.77942167096,84105.77942167096,84105.77942167096,84105.77942167096,1
2025-04-18,84930.90857600998,84930.90857600998,84930.90857600998,84930.90857600998,1
2025-04-19,84433.75017215389,84433.75017215389,84433.75017215389,84433.75017215389,1
2025-04-20,85126.66244301842,85126.66244301842,85126.66244301842,85126.66244301842,1
2025-04-21,85073.16544858096,85073.16544858096,85073.16544858096,85073.16544858096,1
2025-04-22,87452.04699068287,87452.04699068287,87452.04699068287,87452.04699068287,1
2025-04-23,93576.16588573981,93576.16588573981,93576.16588573981,93576.16588573981,1
2025-04-24,93605.45230873208,93605.45230873208,93605.45230873208,93605.45230873208,1
2025-04-25,93872.81422867288,93872.81422867288,93872.81422867288,93872.81422867288,1
2025-04-26,94773.11200643536,94773.11200643536,94773.11200643536,94773.11200643536,1
2025-04-27,94644.06637120107,94644.06637120107,94644.06637120107,94644.06637120107,1
2025-04-28,93809.33781968223,93809.33781968223,93809.33781968223,93809.33781968223,1
2025-04-29,95030.60645474444,95030.60645474444,95030.60645474444,95030.60645474444,1
2025-04-30,94256.35946318062,94256.35946318062,94256.35946318062,94256.35946318062,1
2025-05-01,94235.75331048167,94235.75331048167,94235.75331048167,94235.75331048167,1
2025-05-02,96426.94522273027,96426.94522273027,96426.94522273027,96426.94522273027,1
2025-05-03,96855.5681343944,96855.5681343944,96855.5681343944,96855.5681343944,1
2025-05-04,95922.86842404422,95922.86842404422,95922.86842404422,95922.86842404422,1
2025-05-05,94326.62048529249,94326.62048529249,94326.62048529249,94326.62048529249,1
2025-05-06,94758.8237105546,94758.8237105546,94758.8237105546,94758.8237105546,1
2025-05-07,96854.53198815876,96854.53198815876,96854.53198815876,96854.53198815876,1
2025-05-08,97026.49376966801,97026.49376966801,97026.49376966801,97026.49376966801,1
2025-05-09,103076.27555512934,103076.27555512934,103076.27555512934,103076.27555512934,1
2025-05-10,102962.54045692299,102962.54045692299,102962.54045692299,102962.54045692299,1
2025-05-11,104630.8792994166,104630.8792994166,104630.8792994166,104630.8792994166,1
2025-05-12,103994.061616746,103994.061616746,103994.061616746,103994.061616746,1
2025-05-13,102876.8304286011,102876.8304286011,102876.8304286011,102876.8304286011,1
2025-05-14,104184.49039270742,104184.49039270742,104184.49039270742,104184.49039270742,1
2025-05-15,103594.42575090709,103594.42575090709,103594.42575090709,103594.42575090709,1
2025-05-16,103708.85136423641,103708.85136423641,103708.85136423641,103708.85136423641,1
2025-05-17,103556.03493982446,103556.03493982446,103556.03493982446,103556.03493982446,1
2025-05-18,103212.36483885496,103212.36483885496,103212.36483885496,103212.36483885496,1
2025-05-19,106030.6376831359,106030.6376831359,106030.6376831359,106030.6376831359,1
2025-05-20,105629.41580436694,105629.41580436694,105629.41580436694,105629.41580436694,1
2025-05-21,106786.71995834043,106786.71995834043,106786.71995834043,106786.71995834043,1
2025-05-22,109665.86371625263,109665.86371625263,109665.86371625263,109665.86371625263,1
2025-05-23,111560.356938144,111560.356938144,111560.356938144,111560.356938144,1
2025-05-24,107216.66856870624,107216.66856870624,107216.66856870624,107216.66856870624,1
2025-05-25,107831.36374380375,107831.36374380375,107831.36374380375,107831.36374380375,1
2025-05-26,108861.81037744327,108861.81037744327,108861.81037744327,108861.81037744327,1
2025-05-27,109377.71513263129,109377.71513263129,109377.71513263129,109377.71513263129,1
2025-05-28,109068.45694901445,109068.45694901445,109068.45694901445,109068.45694901445,1
2025-05-29,107838.18431100152,107838.18431100152,107838.18431100152,107838.18431100152,1
2025-05-30,105745.41660358038,105745.41660358038,105745.41660358038,105745.41660358038,1
2025-05-31,104010.91956242644,104010.91956242644,104010.91956242644,104010.91956242644,1
2025-06-01,104687.50742934884,104687.50742934884,104687.50742934884,104687.50742934884,1
2025-06-02,105710.00593822816,105710.00593822816,105710.00593822816,105710.00593822816,1
2025-06-03,105884.74263221149,105884.74263221149,105884.74263221149,105884.74263221149,1
2025-06-04,105434.47745144971,105434.47745144971,105434.47745144971,105434.47745144971,1
2025-06-05,104812.9182188067,104812.9182188067,104812.9182188067,104812.9182188067,1
2025-06-06,101650.7387545425,101650.7387545425,101650.7387545425,101650.7387545425,1
2025-06-07,104409.74967959142,104409.74967959142,104409.74967959142,104409.74967959142,1
2025-06-08,105681.4546141758,105681.4546141758,105681.4546141758,105681.4546141758,1
2025-06-09,105692.24740699006,105692.24740699006,105692.24740699006,105692.24740699006,1
2025-06-10,110261.57485948496,110261.57485948496,110261.57485948496,110261.57485948496,1
2025-06-11,110212.73252109604,110212.73252109604,110212.73252109604,110212.73252109604,1
2025-06-12,108679.9760916168,108679.9760916168,108679.9760916168,108679.9760916168,1
2025-06-13,105979.22902375912,105979.22902375912,105979.22902375912,105979.22902375912,1
2025-06-14,106045.56440819203,106045.56440819203,106045.56440819203,106045.56440819203,1
2025-06-15,105482.90611628917,105482.90611628917,105482.90611628917,105482.90611628917,1
2025-06-16,105554.49383061715,105554.49383061715,105554.49383061715,105554.49383061715,1
2025-06-17,106951.2720181497,106951.2720181497,106951.2720181497,106951.2720181497,1
2025-06-18,104683.42479835715,104683.42479835715,104683.42479835715,104683.42479835715,1
2025-06-19,104722.695052907,104722.695052907,104722.695052907,104722.695052907,1
2025-06-20,104690.65002458123,104690.65002458123,104690.65002458123,104690.65002458123,1
2025-06-21,103290.105144757,103290.105144757,103290.105144757,103290.105144757,1
2025-06-22,101532.5683847329,101532.5683847329,101532.5683847329,101532.5683847329,1
2025-06-23,100852.58264648831,100852.58264648831,100852.58264648831,100852.58264648831,1
2025-06-24,105511.62437933135,105511.62437933135,105511.62437933135,105511.62437933135,1
2025-06-25,105976.06929808448,105976.06929808448,105976.06929808448,105976.06929808448,1
2025-06-26,107238.53045016268,107238.53045016268,107238.53045016268,107238.53045016268,1
2025-06-27,106984.01253775663,106984.01253775663,106984.01253775663,106984.01253775663,1
2025-06-28,107078.91560644074,107078.91560644074,107078.91560644074,107078.91560644074,1
2025-06-29,107331.58548463577,107331.58548463577,107331.58548463577,107331.58548463577,1
2025-06-30,108396.61631317894,108396.61631317894,108396.61631317894,108396.61631317894,1
2025-07-01,107132.79910701896,107132.79910701896,107132.79910701896,107132.79910701896,1
2025-07-02,105613.39974163055,105613.39974163055,105613.39974163055,105613.39974163055,1
2025-07-03,108824.44423167943,108824.44423167943,108824.44423167943,108824.44423167943,1
2025-07-04,109602.20483914016,109602.20483914016,109602.20483914016,109602.20483914016,1
2025-07-05,108040.8919400104,108040.8919400104,108040.8919400104,108040.8919400104,1
2025-07-06,108217.46849992426,108217.46849992426,108217.46849992426,108217.46849992426,1
2025-07-07,109215.19771840284,109215.19771840284,109215.19771840284,109215.19771840284,1
2025-07-08,108300.71675785031,108300.71675785031,108300.71675785031,108300.71675785031,1
2025-07-09,108953.19187727802,108953.19187727802,108953.19187727802,108953.19187727802,1
2025-07-10,111327.53054245669,111327.53054245669,111327.53054245669,111327.53054245669,1
2025-07-11,115879.65030112496,115879.65030112496,115879.65030112496,115879.65030112496,1
2025-07-12,117571.02510036016,117571.02510036016,117571.02510036016,117571.02510036016,1
2025-07-13,117418.95745007684,117418.95745007684,117418.95745007684,117418.95745007684,1
2025-07-14,119117.55666327637,119117.55666327637,119117.55666327637,119117.55666327637,1
2025-07-15,119833.67446712355,119833.67446712355,119833.67446712355,119833.67446712355,1
2025-07-16,117678.19493404306,117678.19493404306,117678.19493404306,117678.19493404306,1
2025-07-17,118748.1627367753,118748.1627367753,118748.1627367753,118748.1627367753,1
2025-07-18,119445.36520434043,119445.36520434043,119445.36520434043,119445.36520434043,1
2025-07-19,117988.94664455787,117988.94664455787,117988.94664455787,117988.94664455787,1
2025-07-20,117901.62655900871,117901.62655900871,117901.62655900871,117901.62655900871,1
2025-07-21,117256.9208222684,117256.9208222684,117256.9208222684,117256.9208222684,1
2025-07-22,117482.46977767294,117482.46977767294,117482.46977767294,117482.46977767294,1
2025-07-23,119955.79570607653,119955.79570607653,119955.79570607653,119955.79570607653,1
2025-07-24,118629.05588130427,118629.05588130427,118629.05588130427,118629.05588130427,1
2025-07-25,118354.43517438594,118354.43517438594,118354.43517438594,118354.43517438594,1
2025-07-26,117540.80837085741,117540.80837085741,117540.80837085741,117540.80837085741,1
2025-07-27,117959.54234360624,117959.54234360624,117959.54234360624,117959.54234360624,1
2025-07-28,119418.91405141471,119418.91405141471,119418.91405141471,119418.91405141471,1
2025-07-29,118003.30201607826,118003.30201607826,118003.30201607826,118003.30201607826,1
2025-07-30,117853.30892863822,117853.30892863822,117853.30892863822,117853.30892863822,1
2025-07-31,117833.24087995925,117833.24087995925,117833.24087995925,117833.24087995925,1
2025-08-01,115700.00243915782,115700.00243915782,115700.00243915782,115700.00243915782,1
2025-08-02,113234.6051343189,113234.6051343189,113234.6051343189,113234.6051343189,1
2025-08-03,112554.90232221723,112554.90232221723,112554.90232221723,112554.90232221723,1
2025-08-04,114199.10966460757,114199.10966460757,114199.10966460757,114199.10966460757,1
2025-08-05,115138.68613070177,115138.68613070177,115138.68613070177,115138.68613070177,1
2025-08-06,114128.35408881678,114128.35408881678,114128.35408881678,114128.35408881678,1
2025-08-07,115022.09576830892,115022.09576830892,115022.09576830892,115022.09576830892,1
2025-08-08,117463.47451085235,117463.47451085235,117463.47451085235,117463.47451085235,1
2025-08-09,116688.36663186055,116688.36663186055,116688.36663186055,116688.36663186055,1
2025-08-10,116510.08393213755,116510.08393213755,116510.08393213755,116510.08393213755,1
2025-08-11,119266.92516880555,119266.92516880555,119266.92516880555,119266.92516880555,1
2025-08-12,118773.79960860992,118773.79960860992,118773.79960860992,118773.79960860992,1
2025-08-13,120202.53485503166,120202.53485503166,120202.53485503166,120202.53485503166,1
2025-08-14,123560.99363577305,123560.99363577305,123560.99363577305,123560.99363577305,1
2025-08-15,118405.59579823953,118405.59579823953,118405.59579823953,118405.59579823953,1
2025-08-16,117339.79190213277,117339.79190213277,117339.79190213277,117339.79190213277,1
2025-08-17,117501.21653394958,117501.21653394958,117501.21653394958,117501.21653394958,1
2025-08-18,117542.83687778088,117542.83687778088,117542.83687778088,117542.83687778088,1
2025-08-19,116256.41276740946,116256.41276740946,116256.41276740946,116256.41276740946,1
2025-08-20,112778.34483555844,112778.34483555844,112778.34483555844,112778.34483555844,1
2025-08-21,114252.39755195397,114252.39755195397,114252.39755195397,114252.39755195397,1
2025-08-22,112414.39987336512,112414.39987336512,112414.39987336512,112414.39987336512,1
2025-08-23,116834.24948202295,116834.24948202295,116834.24948202295,116834.24948202295,1
2025-08-24,115359.98346714744,115359.98346714744,115359.98346714744,115359.98346714744,1
2025-08-25,113399.54847314971,113399.54847314971,113399.54847314971,113399.54847314971,1
2025-08-26,110185.35443900425,110185.35443900425,110185.35443900425,110185.35443900425,1
2025-08-27,111842.70999260596,111842.70999260596,111842.70999260596,111842.70999260596,1
2025-08-28,111216.08479629169,111216.08479629169,111216.08479629169,111216.08479629169,1
2025-08-29,112525.59740669793,112525.59740669793,112525.59740669793,112525.59740669793,1
2025-08-30,108480.30666639366,108480.30666639366,108480.30666639366,108480.30666639366,1
2025-08-31,108781.95727925687,108781.95727925687,108781.95727925687,108781.95727925687,1
2025-09-01,108253.36092385623,108253.36092385623,108253.36092385623,108253.36092385623,1
2025-09-02,109162.68557992298,109162.68557992298,109162.68557992298,109162.68557992298,1
2025-09-03,111190.18209845416,111190.18209845416,111190.18209845416,111190.18209845416,1
2025-09-04,111711.51977725117,111711.51977725117,111711.51977725117,111711.51977725117,1
2025-09-05,110724.736377486,110724.736377486,110724.736377486,110724.736377486,1
2025-09-06,110662.18112628513,110662.18112628513,110662.18112628513,110662.18112628513,1
2025-09-07,110209.1888247784,110209.1888247784,110209.1888247784,110209.1888247784,1
2025-09-08,111131.9923868407,111131.9923868407,111131.9923868407,111131.9923868407,1
2025-09-09,112025.12878118771,112025.12878118771,112025.12878118771,112025.12878118771,1
2025-09-10,111547.43956434788,111547.43956434788,111547.43956434788,111547.43956434788,1
2025-09-11,113975.32489468766,113975.32489468766,113975.32489468766,113975.32489468766,1
2025-09-12,115503.16663193036,115503.16663193036,115503.16663193036,115503.16663193036,1
2025-09-13,116160.14344594491,116160.14344594491,116160.14344594491,116160.14344594491,1
2025-09-14,115970.58488443034,115970.58488443034,115970.58488443034,115970.58488443034,1
2025-09-15,115373.55555886829,115373.55555886829,115373.55555886829,115373.55555886829,1
2025-09-16,115397.25272727509,115397.25272727509,115397.25272727509,115397.25272727509,1
2025-09-17,116762.8496864193,116762.8496864193,116762.8496864193,116762.8496864193,1
2025-09-18,116455.94648225319,116455.94648225319,116455.94648225319,116455.94648225319,1
2025-09-19,117145.49508952006,117145.49508952006,117145.49508952006,117145.49508952006,1
2025-09-20,115655.81046441344,115655.81046441344,115655.81046441344,115655.81046441344,1
2025-09-21,115715.51536781774,115715.51536781774,115715.51536781774,115715.51536781774,1
2025-09-22,115304.47999407038,115304.47999407038,115304.47999407038,115304.47999407038,1
2025-09-23,112696.74101711863,112696.74101711863,112696.74101711863,112696.74101711863,1
2025-09-24,112022.16587861195,112022.16587861195,112022.16587861195,112022.16587861195,1
2025-09-25,113320.56908541008,113320.56908541008,113320.56908541008,113320.56908541008,1
2025-09-26,108963.53013595635,108963.53013595635,108963.53013595635,108963.53013595635,1
2025-09-27,109710.20874667744,109710.20874667744,109710.20874667744,109710.20874667744,1
2025-09-28,109654.81021075726,109654.81021075726,109654.81021075726,109654.81021075726,1
2025-09-29,112142.57362752674,112142.57362752674,112142.57362752674,112142.57362752674,1
2025-09-30,114309.15041119447,114309.15041119447,114309.15041119447,114309.15041119447,1
2025-10-01,114024.22783550054,114024.22783550054,114024.22783550054,114024.22783550054,1
2025-10-02,118503.24451752483,118503.24451752483,118503.24451752483,118503.24451752483,1
2025-10-03,120611.71911591051,120611.71911591051,120611.71911591051,120611.71911591051,1
2025-10-04,122250.15186842803,122250.15186842803,122250.15186842803,122250.15186842803,1
2025-10-05,122380.93708463266,122380.93708463266,122380.93708463266,122380.93708463266,1
2025-10-06,123506.18520027678,123506.18520027678,123506.18520027678,123506.18520027678,1
2025-10-07,124773.50823074432,124773.50823074432,124773.50823074432,124773.50823074432,1
2025-10-08,121518.75593575071,121518.75593575071,121518.75593575071,121518.75593575071,1
2025-10-09,123352.50487523204,123352.50487523204,123352.50487523204,123352.50487523204,1
2025-10-10,121698.03066778315,121698.03066778315,121698.03066778315,121698.03066778315,1
2025-10-11,113201.74064138904,113201.74064138904,113201.74064138904,113201.74064138904,1
2025-10-12,110853.11663883903,110853.11663883903,110853.11663883903,110853.11663883903,1
2025-10-13,115189.5714637257,115189.5714637257,115189.5714637257,115189.5714637257,1
2025-10-14,115222.28302116522,115222.28302116522,115222.28302116522,115222.28302116522,1
2025-10-15,113156.56943826913,113156.56943826913,113156.56943826913,113156.56943826913,1
2025-10-16,110708.66960879423,110708.66960879423,110708.66960879423,110708.66960879423,1
2025-10-17,108076.72862033188,108076.72862033188,108076.72862033188,108076.72862033188,1
2025-10-18,106443.61194984635,106443.61194984635,106443.61194984635,106443.61194984635,1
2025-10-19,107156.00337647724,107156.00337647724,107156.00337647724,107156.00337647724,1
2025-10-20,108621.134857428,108621.134857428,108621.134857428,108621.134857428,1
2025-10-21,110608.5714932665,110608.5714932665,110608.5714932665,110608.5714932665,1
2025-10-22,108486.10262716639,108486.10262716639,108486.10262716639,108486.10262716639,1
2025-10-23,107618.4266715404,107618.4266715404,107618.4266715404,107618.4266715404,1
2025-10-24,110048.51827291629,110048.51827291629,110048.51827291629,110048.51827291629,1
2025-10-25,110997.80437129698,110997.80437129698,110997.80437129698,110997.80437129698,1
2025-10-26,111620.3093731354,111620.3093731354,111620.3093731354,111620.3093731354,1
2025-10-27,114476.01227508577,114476.01227508577,114476.01227508577,114476.01227508577,1
2025-10-28,114182.79442806762,114182.79442806762,114182.79442806762,114182.79442806762,1
2025-10-29,112950.34863259472,112950.34863259472,112950.34863259472,112950.34863259472,1
2025-10-30,110046.66925837283,110046.66925837283,110046.66925837283,110046.66925837283,1
2025-10-31,108240.76528725718,108240.76528725718,108240.76528725718,108240.76528725718,1
2025-11-01,109573.90555629115,109573.90555629115,109573.90555629115,109573.90555629115,1
2025-11-02,110014.13556776087,110014.13556776087,110014.13556776087,110014.13556776087,1
2025-11-03,110650.2092823146,110650.2092823146,110650.2092823146,110650.2092823146,1
2025-11-04,106521.08673825761,106521.08673825761,106521.08673825761,106521.08673825761,1
2025-11-05,101635.2740227234,101635.2740227234,101635.2740227234,101635.2740227234,1
2025-11-06,103877.95965955159,103877.95965955159,103877.95965955159,103877.95965955159,1
2025-11-07,101322.6402945857,101322.6402945857,101322.6402945857,101322.6402945857,1
2025-11-08,103396.084215925,103396.084215925,103396.084215925,103396.084215925,1
2025-11-09,102290.13714655167,102290.13714655167,102290.13714655167,102290.13714655167,1
2025-11-10,104709.67861656273,104709.67861656273,104709.67861656273,104709.67861656273,1
2025-11-11,105909.07272321742,105909.07272321742,105909.07272321742,105909.07272321742,1
2025-11-12,102960.77564500563,102960.77564500563,102960.77564500563,102960.77564500563,1
2025-11-13,101521.70859453593,101521.70859453593,101521.70859453593,101521.70859453593,1
2025-11-14,99730.4533956204,99730.4533956204,99730.4533956204,99730.4533956204,1
2025-11-15,94456.39368235337,94456.39368235337,94456.39368235337,94456.39368235337,1
2025-11-16,95508.31019889197,95508.31019889197,95508.31019889197,95508.31019889197,1
2025-11-17,94411.32947182967,94411.32947182967,94411.32947182967,94411.32947182967,1
2025-11-18,92036.7255045672,92036.7255045672,92036.7255045672,92036.7255045672,1
2025-11-19,92819.75921500899,92819.75921500899,92819.75921500899,92819.75921500899,1
2025-11-20,91363.27838693369,91363.27838693369,91363.27838693369,91363.27838693369,1
2025-11-21,86649.97257918229,86649.97257918229,86649.97257918229,86649.97257918229,1
2025-11-22,85051.8019295002,85051.8019295002,85051.8019295002,85051.8019295002,1
2025-11-23,84682.62429147748,84682.62429147748,84682.62429147748,84682.62429147748,1
2025-11-24,86783.84766839583,86783.84766839583,86783.84766839583,86783.84766839583,1
2025-11-25,88229.35740719768,88229.35740719768,88229.35740719768,88229.35740719768,1
2025-11-26,87310.33159950442,87310.33159950442,87310.33159950442,87310.33159950442,1
2025-11-27,90474.22677969698,90474.22677969698,90474.22677969698,90474.22677969698,1
2025-11-28,91279.06057176423,91279.06057176423,91279.06057176423,91279.06057176423,1
2025-11-29,90950.37695910994,90950.37695910994,90950.37695910994,90950.37695910994,1
2025-11-30,90841.45258193677,90841.45258193677,90841.45258193677,90841.45258193677,1
2025-12-01,90406.28448571145,90406.28448571145,90406.28448571145,90406.28448571145,1
2025-12-02,86281.49519776918,86281.49519776918,86281.49519776918,86281.49519776918,1
2025-12-03,91344.73275150165,91344.73275150165,91344.73275150165,91344.73275150165,1
2025-12-04,93619.43750817103,93619.43750817103,93619.43750817103,93619.43750817103,1
2025-12-05,92140.70419795791,92140.70419795791,92140.70419795791,92140.70419795791,1
2025-12-06,89307.09154512963,89307.09154512963,89307.09154512963,89307.09154512963,1
2025-12-07,89244.7620814118,89244.7620814118,89244.7620814118,89244.7620814118,1
2025-12-08,90162.90714007126,90162.90714007126,90162.90714007126,90162.90714007126,1
2025-12-09,90618.0535204608,90618.0535204608,90618.0535204608,90618.0535204608,1
2025-12-10,92723.21372069631,92723.21372069631,92723.21372069631,92723.21372069631,1
2025-12-11,92005.13714957413,92005.13714957413,92005.13714957413,92005.13714957413,1
2025-12-12,92494.17691640415,92494.17691640415,92494.17691640415,92494.17691640415,1
2025-12-13,90307.26028567803,90307.26028567803,90307.26028567803,90307.26028567803,1
2025-12-14,90257.4292885891,90257.4292885891,90257.4292885891,90257.4292885891,1
2025-12-15,88230.77409367911,88230.77409367911,88230.77409367911,88230.77409367911,1
2025-12-16,86413.9190195637,86413.9190195637,86413.9190195637,86413.9190195637,1
2025-12-17,87821.88919109134,87821.88919109134,87821.88919109134,87821.88919109134,1
2025-12-18,86064.94716216,86064.94716216,86064.94716216,86064.94716216,1
2025-12-19,85450.3312009302,85450.3312009302,85450.3312009302,85450.3312009302,1
2025-12-20,88103.86075721023,88103.86075721023,88103.86075721023,88103.86075721023,1
2025-12-21,88347.94310567998,88347.94310567998,88347.94310567998,88347.94310567998,1
2025-12-22,88577.42038358838,88577.42038358838,88577.42038358838,88577.42038358838,1
2025-12-23,88491.12020788102,88491.12020788102,88491.12020788102,88491.12020788102,1
2025-12-24,87406.43636737975,87406.43636737975,87406.43636737975,87406.43636737975,1
2025-12-25,87642.60888119951,87642.60888119951,87642.60888119951,87642.60888119951,1
2025-12-26,87229.78066010943,87229.78066010943,87229.78066010943,87229.78066010943,1
2025-12-27,87305.95655961394,87305.95655961394,87305.95655961394,87305.95655961394,1
2025-12-28,87807.003210775,87807.003210775,87807.003210775,87807.003210775,1
2025-12-29,87822.90829076794,87822.90829076794,87822.90829076794,87822.90829076794,1
2025-12-30,87156.56266080117,87156.56266080117,87156.56266080117,87156.56266080117,1
2025-12-31,88414.62856073362,88414.62856073362,88414.62856073362,88414.62856073362,1
2026-01-01,87520.18048742875,87520.18048742875,87520.18048742875,87520.18048742875,1
2026-01-02,88727.67004249741,88727.67004249741,88727.67004249741,88727.67004249741,1
2026-01-03,89926.27924953419,89926.27924953419,89926.27924953419,89926.27924953419,1
2026-01-04,90593.85443180417,90593.85443180417,90593.85443180417,90593.85443180417,1
2026-01-05,91373.21588108438,91373.21588108438,91373.21588108438,91373.21588108438,1
2026-01-06,93926.7956485658,93926.7956485658,93926.7956485658,93926.7956485658,1
2026-01-07,93666.86387314305,93666.86387314305,93666.86387314305,93666.86387314305,1
2026-01-08,91257.15544035907,91257.15544035907,91257.15544035907,91257.15544035907,1
2026-01-09,90983.51578142625,90983.51578142625,90983.51578142625,90983.51578142625,1
2026-01-10,90504.89560340019,90504.89560340019,90504.89560340019,90504.89560340019,1
2026-01-11,90442.01907847001,90442.01907847001,90442.01907847001,90442.01907847001,1
2026-01-12,90819.36598904192,90819.36598904192,90819.36598904192,90819.36598904192,1
2026-01-13,91134.96917951507,91134.96917951507,91134.96917951507,91134.96917951507,1
2026-01-14,95260.4422971001,95260.4422971001,95260.4422971001,95260.4422971001,1
2026-01-15,97007.78078881276,97007.78078881276,97007.78078881276,97007.78078881276,1
2026-01-16,95584.82797878512,95584.82797878512,95584.82797878512,95584.82797878512,1
2026-01-17,95516.07771987123,95516.07771987123,95516.07771987123,95516.07771987123,1
2026-01-18,95099.53192554631,95099.53192554631,95099.53192554631,95099.53192554631,1
2026-01-19,93752.70577188236,93752.70577188236,93752.70577188236,93752.70577188236,1
2026-01-20,92558.46334372147,92558.46334372147,92558.46334372147,92558.46334372147,1
2026-01-21,88312.84053255555,88312.84053255555,88312.84053255555,88312.84053255555,1
2026-01-22,89354.34377512129,89354.34377512129,89354.34377512129,89354.34377512129,1
2026-01-23,89443.39744146909,89443.39744146909,89443.39744146909,89443.39744146909,1
2026-01-24,89412.39849953113,89412.39849953113,89412.39849953113,89412.39849953113,1
2026-01-25,89170.87364531498,89170.87364531498,89170.87364531498,89170.87364531498,1
2026-01-26,86548.32213469829,86548.32213469829,86548.32213469829,86548.32213469829,1
2026-01-27,88307.8612070438,88307.8612070438,88307.8612070438,88307.8612070438,1
2026-01-28,89204.22239644526,89204.22239644526,89204.22239644526,89204.22239644526,1
2026-01-29,89162.09701574955,89162.09701574955,89162.09701574955,89162.09701574955,1
2026-01-30,84570.40906135936,84570.40906135936,84570.40906135936,84570.40906135936,1
2026-01-31,84141.77856967277,84141.77856967277,84141.77856967277,84141.77856967277,1
2026-02-01,78725.85853884545,78725.85853884545,78725.85853884545,78725.85853884545,1
2026-02-02,76937.06406636834,76937.06406636834,76937.06406636834,76937.06406636834,1
2026-02-03,78767.65815345927,78767.65815345927,78767.65815345927,78767.65815345927,1
2026-02-04,75638.95670207398,75638.95670207398,75638.95670207398,75638.95670207398,1
2026-02-05,73172.29203248928,73172.29203248928,73172.29203248928,73172.29203248928,1
2026-02-06,62853.69038445987,62853.69038445987,62853.69038445987,62853.69038445987,1
2026-02-07,70523.95417035831,70523.95417035831,70523.95417035831,70523.95417035831,1
2026-02-08,69296.80677355142,69296.80677355142,69296.80677355142,69296.80677355142,1
2026-02-09,70542.37329463876,70542.37329463876,70542.37329463876,70542.37329463876,1
2026-02-10,70096.40692272567,70096.40692272567,70096.40692272567,70096.40692272567,1
2026-02-11,68779.90981269129,68779.90981269129,68779.90981269129,68779.90981269129,1
2026-02-12,66937.58141157958,66937.58141157958,66937.58141157958,66937.58141157958,1
2026-02-13,66184.57765470445,66184.57765470445,66184.57765470445,66184.57765470445,1
2026-02-14,68838.87490510389,68838.87490510389,68838.87490510389,68838.87490510389,1
2026-02-15,69765.59638824302,69765.59638824302,69765.59638824302,69765.59638824302,1
2026-02-16,68716.58337486399,68716.58337486399,68716.58337486399,68716.58337486399,1
2026-02-17,68907.78353606178,68907.78353606178,68907.78353606178,68907.78353606178,1
2026-02-18,67489.45540267964,67489.45540267964,67489.45540267964,67489.45540267964,1
2026-02-19,66456.3537620677,66456.3537620677,66456.3537620677,66456.3537620677,1
2026-02-20,66918.68417467622,66918.68417467622,66918.68417467622,66918.68417467622,1
2026-02-21,67970.29403133177,67970.29403133177,67970.29403133177,67970.29403133177,1
2026-02-22,67977.90904199042,67977.90904199042,67977.90904199042,67977.90904199042,1
2026-02-23,67585.11718938159,67585.11718938159,67585.11718938159,67585.11718938159,1
2026-02-24,64577.553200674425,64577.553200674425,64577.553200674425,64577.553200674425,1
2026-02-25,64074.11098528222,64074.11098528222,64074.11098528222,64074.11098528222,1
2026-02-26,67947.39185585188,67947.39185585188,67947.39185585188,67947.39185585188,1
2026-02-27,67469.06040327046,67469.06040327046,67469.06040327046,67469.06040327046,1
2026-02-28,65883.99096235317,65883.99096235317,65883.99096235317,65883.99096235317,1
2026-03-01,67008.45435746174,67008.45435746174,67008.45435746174,67008.45435746174,1
2026-03-02,65713.4989891121,65713.4989891121,65713.4989891121,65713.4989891121,1
2026-03-03,68864.03691918531,68864.03691918531,68864.03691918531,68864.03691918531,1
2026-03-04,68321.6178484252,68321.6178484252,68321.6178484252,68321.6178484252,1
2026-03-05,72669.7701652216,72669.7701652216,72669.7701652216,72669.7701652216,1
2026-03-06,70874.98687140146,70874.98687140146,70874.98687140146,70874.98687140146,1
2026-03-07,68148.28339966535,68148.28339966535,68148.28339966535,68148.28339966535,1
2026-03-08,67271.1907777184,67271.1907777184,67271.1907777184,67271.1907777184,1
2026-03-09,66036.15782362667,66036.15782362667,66036.15782362667,66036.15782362667,1
2026-03-10,68459.31537095344,68459.31537095344,68459.31537095344,68459.31537095344,1
2026-03-11,69883.00887579883,69883.00887579883,69883.00887579883,69883.00887579883,1
2026-03-12,70226.818790692,70226.818790692,70226.818790692,70226.818790692,1
2026-03-13,70544.42535461926,70544.42535461926,70544.42535461926,70544.42535461926,1
2026-03-14,70965.28228600459,70965.28228600459,70965.28228600459,70965.28228600459,1
2026-03-15,71217.1010283798,71217.1010283798,71217.1010283798,71217.1010283798,1
2026-03-16,72681.9132538886,72681.9132538886,72681.9132538886,72681.9132538886,1
2026-03-17,74858.14870100339,74858.14870100339,74858.14870100339,74858.14870100339,1
2026-03-18,73926.27899152413,73926.27899152413,73926.27899152413,73926.27899152413,1
2026-03-19,71255.86350265636,71255.86350265636,71255.86350265636,71255.86350265636,1
2026-03-20,69871.4514796119,69871.4514796119,69871.4514796119,69871.4514796119,1
2026-03-21,70552.62530009366,70552.62530009366,70552.62530009366,70552.62530009366,1
2026-03-22,68733.54779458739,68733.54779458739,68733.54779458739,68733.54779458739,1
2026-03-23,67848.87605821833,67848.87605821833,67848.87605821833,67848.87605821833,1
2026-03-24,70892.82823994374,70892.82823994374,70892.82823994374,70892.82823994374,1
2026-03-25,70524.51175942823,70524.51175942823,70524.51175942823,70524.51175942823,1
2026-03-26,71309.26403856269,71309.26403856269,71309.26403856269,71309.26403856269,1
2026-03-27,68791.11093800364,68791.11093800364,68791.11093800364,68791.11093800364,1
2026-03-28,66321.016242762,66321.016242762,66321.016242762,66321.016242762,1
2026-03-29,66321.06539994745,66321.06539994745,66321.06539994745,66321.06539994745,1
2026-03-30,65970.42899513361,65970.42899513361,65970.42899513361,65970.42899513361,1
2026-03-31,66699.27436893585,66699.27436893585,66699.27436893585,66699.27436893585,1
2026-04-01,68231.83047993251,68231.83047993251,68231.83047993251,68231.83047993251,1
2026-04-02,68089.0553821667,68089.0553821667,68089.0553821667,68089.0553821667,1
2026-04-03,66891.6645686824,66891.6645686824,66891.6645686824,66891.6645686824,1
2026-04-04,66939.69121715311,66939.69121715311,66939.69121715311,66939.69121715311,1
2026-04-05,67304.24955635444,67304.24955635444,67304.24955635444,67304.24955635444,1
2026-04-06,68985.52642694542,68985.52642694542,68985.52642694542,68985.52642694542,1
2026-04-07,68864.23452757328,68864.23452757328,68864.23452757328,68864.23452757328,1
2026-04-08,71975.62171045873,71975.62171045873,71975.62171045873,71975.62171045873,1
2026-04-09,71117.07713411814,71117.07713411814,71117.07713411814,71117.07713411814,1
2026-04-10,71770.7468500515,71770.7468500515,71770.7468500515,71770.7468500515,1
2026-04-11,72972.70823557042,72972.70823557042,72972.70823557042,72972.70823557042,1
2026-04-12,73053.88808483821,73053.88808483821,73053.88808483821,73053.88808483821,1
2026-04-13,70756.75105500016,70756.75105500016,70756.75105500016,70756.75105500016,1
2026-04-14,74514.63006655,74514.63006655,74514.63006655,74514.63006655,1
2026-04-15,74181.10807228928,74181.10807228928,74181.10807228928,74181.10807228928,1
2026-04-16,74833.50639132406,74833.50639132406,74833.50639132406,74833.50639132406,1
2026-04-17,75149.1930221427,75149.1930221427,75149.1930221427,75149.1930221427,1
2026-04-18,77128.44334858148,77128.44334858148,77128.44334858148,77128.44334858148,1
2026-04-19,75728.45681761758,75728.45681761758,75728.45681761758,75728.45681761758,1
2026-04-20,73856.05501487634,73856.05501487634,73856.05501487634,73856.05501487634,1
2026-04-21,75874.54629352967,75874.54629352967,75874.54629352967,75874.54629352967,1
2026-04-22,76350.25202878818,76350.25202878818,76350.25202878818,76350.25202878818,1
2026-04-23,78194.78334884858,78194.78334884858,78194.78334884858,78194.78334884858,1
2026-04-24,78260.61998045091,78260.61998045091,78260.61998045091,78260.61998045091,1
2026-04-25,77444.79563692068,77444.79563692068,77444.79563692068,77444.79563692068,1
2026-04-26,77619.14219872655,77619.14219872655,77619.14219872655,77619.14219872655,1
2026-04-27,78645.12560170851,78645.12560170851,78645.12560170851,78645.12560170851,1
2026-04-28,77361.29911038803,77361.29911038803,77361.29911038803,77361.29911038803,1
2026-04-29,76345.22521002527,76345.22521002527,76345.22521002527,76345.22521002527,1
2026-04-30,75774.8855230121,75774.8855230121,75774.8855230121,75774.8855230121,1
2026-05-01,76286.57710950871,76286.57710950871,76286.57710950871,76286.57710950871,1
2026-05-02,78172.07422147921,78172.07422147921,78172.07422147921,78172.07422147921,1
2026-05-03,78655.34555331903,78655.34555331903,78655.34555331903,78655.34555331903,1
2026-05-04,78562.55051754859,78562.55051754859,78562.55051754859,78562.55051754859,1
2026-05-05,79823.88555955577,79823.88555955577,79823.88555955577,79823.88555955577,1
2026-05-06,80925.09365495079,80925.09365495079,80925.09365495079,80925.09365495079,1
2026-05-07,81424.99515650333,81424.99515650333,81424.99515650333,81424.99515650333,1
2026-05-08,80022.04125006415,80022.04125006415,80022.04125006415,80022.04125006415,1
2026-05-09,80189.06503567853,80189.06503567853,80189.06503567853,80189.06503567853,1
2026-05-10,80678.03394296461,80678.03394296461,80678.03394296461,80678.03394296461,1
2026-05-11,82145.65606759128,82145.65606759128,82145.65606759128,82145.65606759128,1
2026-05-12,81725.20771701908,81725.20771701908,81725.20771701908,81725.20771701908,1
2026-05-13,80480.88600120835,80480.88600120835,80480.88600120835,80480.88600120835,1
2026-05-14,79277.8045183824,79277.8045183824,79277.8045183824,79277.8045183824,1
2026-05-15,81051.9828878728,81051.9828878728,81051.9828878728,81051.9828878728,1
2026-05-16,79068.82024044942,79068.82024044942,79068.82024044942,79068.82024044942,1
2026-05-17,78135.00994863857,78135.00994863857,78135.00994863857,78135.00994863857,1
2026-05-18,77425.71519168488,77425.71519168488,77425.71519168488,77425.71519168488,1
2026-05-19,76952.2148594993,76952.2148594993,76952.2148594993,76952.2148594993,1
2026-05-20,76808.8105527178,76808.8105527178,76808.8105527178,76808.8105527178,1
