date,open,high,low,close,volume,daily_return,log_return
2024-11-27,91931.83077291827,91931.83077291827,91931.83077291827,91931.83077291827,97389239315.52954,,
2024-11-28,95981.18057210564,95981.18057210564,95981.18057210564,95981.18057210564,81469353259.75,4.404730945900237,0.04310480400748444
2024-11-29,95661.59595817851,95661.59595817851,95661.59595817851,95661.59595817851,49067932024.40325,-0.3329659127156104,-0.003335214777817533
2024-11-30,97453.2473451042,97453.2473451042,97453.2473451042,97453.2473451042,74670031635.5065,1.872905599138197,0.018555826825539034
2024-12-01,96513.14234698225,96513.14234698225,96513.14234698225,96513.14234698225,43580019720.720634,-0.9646728290057194,-0.00969355939473852
2024-12-02,97311.70719084324,97311.70719084324,97311.70719084324,97311.70719084324,49147687432.565895,0.8274156497671603,0.00824011332159629
2024-12-03,95833.1362300365,95833.1362300365,95833.1362300365,95833.1362300365,101019861361.49252,-1.519417348117258,-0.015310787680545472
2024-12-04,96031.63097759831,96031.63097759831,96031.63097759831,96031.63097759831,87935752287.975,0.20712537997853442,0.002069111710996831
2024-12-05,98881.4694561823,98881.4694561823,98881.4694561823,98881.4694561823,98230784298.0459,2.967603954626963,0.02924422805591349
2024-12-06,97201.50036407741,97201.50036407741,97201.50036407741,97201.50036407741,190460293531.53802,-1.6989726197883193,-0.017135707412357096
2024-12-07,99973.85150659826,99973.85150659826,99973.85150659826,99973.85150659826,115812632020.44765,2.852169083951117,0.02812251966924803
2024-12-08,99781.82999198174,99781.82999198174,99781.82999198174,99781.82999198174,61061136199.7846,-0.19207173848239112,-0.0019225643278093524
2024-12-09,101235.3717025316,101235.3717025316,101235.3717025316,101235.3717025316,62677764785.05408,1.4567198363335976,0.014462116003687587
2024-12-10,97353.94700820887,97353.94700820887,97353.94700820887,97353.94700820887,146846843211.51685,-3.834059804440537,-0.03909494302885656
2024-12-11,96649.71446771531,96649.71446771531,96649.71446771531,96649.71446771531,125835977742.51114,-0.7233733835508183,-0.00726002414958952
2024-12-12,101123.61811033697,101123.61811033697,101123.61811033697,101123.61811033697,118484957960.76833,4.628987956416686,0.04525045876338612
2024-12-13,100000.80836535197,100000.80836535197,100000.80836535197,100000.80836535197,100092043319.81221,-1.110333832952748,-0.011165440512807613
2024-12-14,101352.22971292294,101352.22971292294,101352.22971292294,101352.22971292294,78802903278.85962,1.3514104232373425,0.01342360317457928
2024-12-15,101367.01064553364,101367.01064553364,101367.01064553364,101367.01064553364,57321924844.41535,0.014583727119332757,0.00014582663797229375
2024-12-16,104721.50151808978,104721.50151808978,104721.50151808978,104721.50151808978,70645074624.52869,3.309253031330206,0.032556760485398635
2024-12-17,106074.10723541168,106074.10723541168,106074.10723541168,106074.10723541168,115184737759.33566,1.2916217755799098,0.012833514793611297
2024-12-18,106034.913402645,106034.913402645,106034.913402645,106034.913402645,93417826250.1972,-0.036949481629566794,-0.0003695630963252319
2024-12-19,100355.5761481501,100355.5761481501,100355.5761481501,100355.5761481501,113692025885.44745,-5.3561011861525625,-0.05504877090860486
2024-12-20,97851.35377075805,97851.35377075805,97851.35377075805,97851.35377075805,100611554887.24123,-2.4953495097224887,-0.02527011178559204
2024-12-21,97691.43431692653,97691.43431692653,97691.43431692653,97691.43431692653,112340864006.62827,-0.1634310080228185,-0.0016356470217972997
2024-12-22,97202.82496847633,97202.82496847633,97202.82496847633,97202.82496847633,53058382639.48845,-0.5001557729872985,-0.00501410738243106
2024-12-23,95094.27394862173,95094.27394862173,95094.27394862173,95094.27394862173,44619017105.36954,-2.169228127411338,-0.02193101761234826
2024-12-24,94644.91085464321,94644.91085464321,94644.91085464321,94644.91085464321,64937790292.61125,-0.4725448497785556,-0.004736648727540294
2024-12-25,98695.71400782601,98695.71400782601,98695.71400782601,98695.71400782601,49169088282.15742,4.280001023408508,0.041909412891253564
2024-12-26,99344.95417367229,99344.95417367229,99344.95417367229,99344.95417367229,33963749856.44743,0.657820020223765,0.006556658263139287
2024-12-27,95678.31244565405,95678.31244565405,95678.31244565405,95678.31244565405,45049342388.18843,-3.6908182791129063,-0.0376065267561875
2024-12-28,94331.94727053077,94331.94727053077,94331.94727053077,94331.94727053077,41498540807.666954,-1.407179057310426,-0.014171736942142382
2024-12-29,95184.61945288602,95184.61945288602,95184.61945288602,95184.61945288602,22429850903.940086,0.9039060541280897,0.008998452754268724
2024-12-30,93663.44751964067,93663.44751964067,93663.44751964067,93663.44751964067,24065314499.502274,-1.5981278719071734,-0.016110356418869543
2024-12-31,92627.28213113277,92627.28213113277,92627.28213113277,92627.28213113277,57595164139.4709,-1.106264413650393,-0.011124290251796296
2025-01-01,93507.85874741491,93507.85874741491,93507.85874741491,93507.85874741491,45327464907.74362,0.9506665811866322,0.009461761831536675
2025-01-02,94384.1761153871,94384.1761153871,94384.1761153871,94384.1761153871,23275007789.496334,0.9371590577636146,0.009327949667277409
2025-01-03,96852.14681235075,96852.14681235075,96852.14681235075,96852.14681235075,45157338602.617516,2.6148140488575944,0.02581212276696601
2025-01-04,98084.34279280754,98084.34279280754,98084.34279280754,98084.34279280754,35721645948.10051,1.2722443652634308,0.012642193303310423
2025-01-05,98256.73876849933,98256.73876849933,98256.73876849933,98256.73876849933,20979035420.980793,0.17576299211787827,0.0017560870972533273
2025-01-06,98364.58946599838,98364.58946599838,98364.58946599838,98364.58946599838,20060293834.7155,0.10976417378674164,0.001097039769631767
2025-01-07,102229.39453189743,102229.39453189743,102229.39453189743,102229.39453189743,46111387334.46171,3.9290613490894577,0.03853837800298931
2025-01-08,96952.09886774956,96952.09886774956,96952.09886774956,96952.09886774956,60610257147.15405,-5.162209644605942,-0.053002223719052145
2025-01-09,95016.71440989176,95016.71440989176,95016.71440989176,95016.71440989176,65790469838.34392,-1.9962274983833184,-0.02016421314397372
2025-01-10,92376.27578346101,92376.27578346101,92376.27578346101,92376.27578346101,65850881574.76184,-2.778920154026998,-0.02818262719143621
2025-01-11,94736.6267420969,94736.6267420969,94736.6267420969,94736.6267420969,63433655716.757095,2.555148428118903,0.025230501347335663
2025-01-12,94559.55167224213,94559.55167224213,94559.55167224213,94559.55167224213,17836423168.41627,-0.18691299864076472,-0.0018708789896100513
2025-01-13,94454.77089638807,94454.77089638807,94454.77089638807,94454.77089638807,19608932595.53299,-0.11080929848023002,-0.0011087073737424359
2025-01-14,94456.3493746993,94456.3493746993,94456.3493746993,94456.3493746993,76328330233.31137,0.0016711472552000117,1.671133291689836e-05
2025-01-15,96574.07768799194,96574.07768799194,96574.07768799194,96574.07768799194,51241728228.81719,2.2420179557139264,0.02217254188486912
2025-01-16,100313.15239828422,100313.15239828422,100313.15239828422,100313.15239828422,57637319739.543396,3.8717167171633093,0.03798645867029524
2025-01-17,100044.57926776377,100044.57926776377,100044.57926776377,100044.57926776377,50150102497.2729,-0.2677347128461349,-0.002680937632399997
2025-01-18,104160.69358484233,104160.69358484233,104160.69358484233,104160.69358484233,69135117732.00064,4.114280201091169,0.04031895794904691
2025-01-19,104334.61575724394,104334.61575724394,104334.61575724394,104334.61575724394,49416447749.13053,0.1669748601087706,0.0016683561207382067
2025-01-20,101275.33714814208,101275.33714814208,101275.33714814208,101275.33714814208,72970313683.92325,-2.9321798780760466,-0.029760275280057365
2025-01-21,101764.90860170545,101764.90860170545,101764.90860170545,101764.90860170545,120158523166.88387,0.48340639226631676,0.0048224173540825505
2025-01-22,106182.2368201815,106182.2368201815,106182.2368201815,106182.2368201815,95344290057.8965,4.340718504219265,0.04249149776434392
2025-01-23,103673.53509537787,103673.53509537787,103673.53509537787,103673.53509537787,55030669602.56557,-2.3626378572642937,-0.023909956982149278
2025-01-24,104067.60991206947,104067.60991206947,104067.60991206947,104067.60991206947,102455227371.20761,0.3801112948729424,0.003793906973615983
2025-01-25,104835.19253555956,104835.19253555956,104835.19253555956,104835.19253555956,51418786362.7815,0.7375807171305704,0.007348738924215794
2025-01-26,104796.04077738234,104796.04077738234,104796.04077738234,104796.04077738234,22740744964.719296,-0.037346006842065016,-0.0003735298219993273
2025-01-27,102552.24874280207,102552.24874280207,102552.24874280207,102552.24874280207,20639818380.26942,-2.141103822182311,-0.021643579796107294
2025-01-28,101958.46953745594,101958.46953745594,101958.46953745594,101958.46953745594,93191643783.24739,-0.5790016431870826,-0.0058068435613526335
2025-01-29,101313.11264498268,101313.11264498268,101313.11264498268,101313.11264498268,45780526813.56264,-0.6329605528613502,-0.006349722414583251
2025-01-30,103718.97939813645,103718.97939813645,103718.97939813645,103718.97939813645,47425401641.53094,2.3746844710855086,0.023469274090873633
2025-01-31,104781.5135100103,104781.5135100103,104781.5135100103,104781.5135100103,42122570869.034325,1.0244355642907044,0.010192237871411826
2025-02-01,102382.39409722165,102382.39409722165,102382.39409722165,102382.39409722165,37187819228.35328,-2.289639968370427,-0.02316259334279779
2025-02-02,100674.78762544956,100674.78762544956,100674.78762544956,100674.78762544956,22827776122.48367,-1.6678712065968604,-0.01681936795001983
2025-02-03,97568.31653024875,97568.31653024875,97568.31653024875,97568.31653024875,59784234332.21204,-3.08564951411483,-0.03134258222690729
2025-02-04,101466.8606657039,101466.8606657039,101466.8606657039,101466.8606657039,122163969235.23686,3.99570708411936,0.039179434264005816
2025-02-05,98118.43921664466,98118.43921664466,98118.43921664466,98118.43921664466,73196693057.98114,-3.3000148295620035,-0.033556936885235075
2025-02-06,96582.88682919052,96582.88682919052,96582.88682919052,96582.88682919052,48848958931.79228,-1.5649987909649221,-0.015773741833467855
2025-02-07,96635.41875332211,96635.41875332211,96635.41875332211,96635.41875332211,44462180396.172516,0.054390509391688546,0.0005437572311544015
2025-02-08,96558.4563096667,96558.4563096667,96558.4563096667,96558.4563096667,57077722340.22422,-0.07964206566111187,-0.0007967379680290219
2025-02-09,96558.23762501091,96558.23762501091,96558.23762501091,96558.23762501091,20760850644.84597,-0.00022647903057393393,-2.264792870380776e-06
2025-02-10,96548.57865379585,96548.57865379585,96548.57865379585,96548.57865379585,25457107581.051964,-0.010003259641677698,-0.00010003760001063435
2025-02-11,97399.98161383197,97399.98161383197,97399.98161383197,97399.98161383197,37054987393.57789,0.8818389373592916,0.008779734461183165
2025-02-12,95739.97737079239,95739.97737079239,95739.97737079239,95739.97737079239,36454577154.5622,-1.7043167930165692,-0.017190074275501493
2025-02-13,97836.18856127483,97836.18856127483,97836.18856127483,97836.18856127483,47115618235.19051,2.189483691189942,0.021658587183590934
2025-02-14,96561.6639990985,96561.6639990985,96561.6639990985,96561.6639990985,29084371910.690556,-1.3027128109943664,-0.013112725346795539
2025-02-15,97488.48148536457,97488.48148536457,97488.48148536457,97488.48148536457,32289906944.92862,0.9598192987589016,0.009552422973167336
2025-02-16,97569.95169430465,97569.95169430465,97569.95169430465,97569.95169430465,14215311318.346336,0.08356906138937692,0.0008353416189137124
2025-02-17,96149.3484548204,96149.3484548204,96149.3484548204,96149.3484548204,13634794998.739267,-1.4559843628242475,-0.014666878361246591
2025-02-18,95776.15723852723,95776.15723852723,95776.15723852723,95776.15723852723,25324374113.08163,-0.38813702046928134,-0.0038889222699335486
2025-02-19,95495.89153299287,95495.89153299287,95495.89153299287,95495.89153299287,38311133144.729355,-0.29262575740679475,-0.0029305474366353654
2025-02-20,96554.87156259285,96554.87156259285,96554.87156259285,96554.87156259285,27703222487.389572,1.1089273188617854,0.011028238008022993
2025-02-21,98384.31738240314,98384.31738240314,98384.31738240314,98384.31738240314,24175261969.81266,1.8947214057701167,0.018769951189020452
2025-02-22,96135.15541305285,96135.15541305285,96135.15541305285,96135.15541305285,42477472950.92155,-2.286098058299446,-0.0231263449257834
2025-02-23,96564.15414290235,96564.15414290235,96564.15414290235,96564.15414290235,18464415570.762142,0.4462454218815859,0.004452526992227976
2025-02-24,96327.46309127835,96327.46309127835,96327.46309127835,96327.46309127835,16643044374.983364,-0.2451127478150239,-0.002454136408961605
2025-02-25,91396.76686930266,91396.76686930266,91396.76686930266,91396.76686930266,45539703844.38777,-5.118681696520378,-0.05254335640561143
2025-02-26,88755.7693356979,88755.7693356979,88755.7693356979,88755.7693356979,96742453402.56294,-2.889596234165903,-0.029321671571153105
2025-02-27,83900.11496524839,83900.11496524839,83900.11496524839,83900.11496524839,69277430795.68657,-5.470804215649505,-0.05626144910470158
2025-02-28,84709.14477847965,84709.14477847965,84709.14477847965,84709.14477847965,81960688217.70384,0.964277359532062,0.009596578780697617
2025-03-01,84441.9012237131,84441.9012237131,84441.9012237131,84441.9012237131,80695237175.07367,-0.3154837124910381,-0.003159824115076059
2025-03-02,86005.25629681018,86005.25629681018,86005.25629681018,86005.25629681018,30634474722.6359,1.8513972926252231,0.01834467571310339
2025-03-03,94261.53286538439,94261.53286538439,94261.53286538439,94261.53286538439,61859112550.80991,9.599734858159392,0.09166476934551977
2025-03-04,86124.71418722175,86124.71418722175,86124.71418722175,86124.71418722175,68715362745.4567,-8.63217309417501,-0.09027677271420725
2025-03-05,87310.80531078295,87310.80531078295,87310.80531078295,87310.80531078295,65863356680.42408,1.3771785889272525,0.013677816612893448
2025-03-06,90604.08098523637,90604.08098523637,90604.08098523637,90604.08098523637,51606642859.81411,3.7718993230345443,0.0370250286613103
2025-03-07,90001.40087607042,90001.40087607042,90001.40087607042,90001.40087607042,47555759124.64708,-0.6651798711629353,-0.006674020522841662
2025-03-08,86773.33597555371,86773.33597555371,86773.33597555371,86773.33597555371,63216440874.73251,-3.586682950592812,-0.03652585024649933
2025-03-09,86142.9833586432,86142.9833586432,86142.9833586432,86142.9833586432,18809360803.37126,-0.72643584555524,-0.007290872389954077
2025-03-10,80751.13893300897,80751.13893300897,80751.13893300897,80751.13893300897,32013406240.51754,-6.259180046256474,-0.06463644642549807
2025-03-11,78783.94057934263,78783.94057934263,78783.94057934263,78783.94057934263,49983692766.22745,-2.436124591751365,-0.02466289009754066
2025-03-12,82799.1080292053,82799.1080292053,82799.1080292053,82799.1080292053,56404462275.083046,5.0964288157419935,0.049708112399743966
2025-03-13,83884.24578828987,83884.24578828987,83884.24578828987,83884.24578828987,41782186208.59073,1.3105669673419973,0.013020533422924781
2025-03-14,81098.90052436228,81098.90052436228,81098.90052436228,81098.90052436228,32583592654.882656,-3.3204629042709044,-0.03376841816872865
2025-03-15,83971.70916064628,83971.70916064628,83971.70916064628,83971.70916064628,28571483950.074646,3.542352137586624,0.034810542415063706
2025-03-16,84391.69087647168,84391.69087647168,84391.69087647168,84391.69087647168,10761796127.312485,0.500146680380098,0.004989001016243628
2025-03-17,82610.61750343916,82610.61750343916,82610.61750343916,82610.61750343916,21638031633.118767,-2.110484284098013,-0.021330733954469952
2025-03-18,84075.36559694471,84075.36559694471,84075.36559694471,84075.36559694471,19659366246.596867,1.7730748634636084,0.017575392608819594
2025-03-19,82780.03048688271,82780.03048688271,82780.03048688271,82780.03048688271,24557570268.85276,-1.5406832915503599,-0.015526751470359814
2025-03-20,86815.44109470697,86815.44109470697,86815.44109470697,86815.44109470697,33871216993.304657,4.87486001646702,0.047597644032876946
2025-03-21,84270.84358966233,84270.84358966233,84270.84358966233,84270.84358966233,27579127651.06656,-2.93104253455182,-0.029748558349979776
2025-03-22,84009.532917822,84009.532917822,84009.532917822,84009.532917822,18091004975.919056,-0.3100843194506542,-0.003105660770374277
2025-03-23,83793.30854192551,83793.30854192551,83793.30854192551,83793.30854192551,7771134681.982918,-0.25738076190472414,-0.002577125556254653
2025-03-24,85787.70914901773,85787.70914901773,85787.70914901773,85787.70914901773,12617587530.619724,2.380143046976513,0.023522592256393478
2025-03-25,87327.72969669085,87327.72969669085,87327.72969669085,87327.72969669085,27270889835.1835,1.7951528988820797,0.017792303034849438
2025-03-26,87520.58391530563,87520.58391530563,87520.58391530563,87520.58391530563,30351832942.705593,0.22083961106582617,0.002205961188157442
2025-03-27,86960.8555491039,86960.8555491039,86960.8555491039,86960.8555491039,25522877558.700558,-0.6395391131569506,-0.006415929258497127
2025-03-28,87227.27158032371,87227.27158032371,87227.27158032371,87227.27158032371,24620445368.489468,0.30636316712566725,0.003058948314696347
2025-03-29,84359.46915506005,84359.46915506005,84359.46915506005,84359.46915506005,31674486232.097313,-3.287736017998477,-0.0334299665239076
2025-03-30,82679.17255385047,82679.17255385047,82679.17255385047,82679.17255385047,16837439419.924389,-1.9918292730375708,-0.02011933602807924
2025-03-31,82356.38111183756,82356.38111183756,82356.38111183756,82356.38111183756,13428975108.070734,-0.39041445631627925,-0.003911785629917921
2025-04-01,82514.09365397849,82514.09365397849,82514.09365397849,82514.09365397849,30326148749.91535,0.1915000878034645,0.0019131696014113883
2025-04-02,85237.5876052852,85237.5876052852,85237.5876052852,85237.5876052852,29172899851.734768,3.300640933811416,0.03247339470500449
2025-04-03,82526.4221526433,82526.4221526433,82526.4221526433,82526.4221526433,46332905657.77597,-3.180715842401194,-0.03232399504241283
2025-04-04,83163.98757387721,83163.98757387721,83163.98757387721,83163.98757387721,36594464539.14662,0.7725591448211055,0.007695901881532026
2025-04-05,83852.00765399594,83852.00765399594,83852.00765399594,83852.00765399594,35647289400.47406,0.8273053038823308,0.008239018917415642
2025-04-06,83595.88550177493,83595.88550177493,83595.88550177493,83595.88550177493,14910400035.531416,-0.305445462054843,-0.0030591289879183547
2025-04-07,78211.48358199988,78211.48358199988,78211.48358199988,78211.48358199988,36140377231.68329,-6.440989155693222,-0.06657781674883545
2025-04-08,79179.29226757778,79179.29226757778,79179.29226757778,79179.29226757778,82909748172.59216,1.2374253002926494,0.012298317720762697
2025-04-09,76329.090356324,76329.090356324,76329.090356324,76329.090356324,47812787635.22632,-3.5996809640857053,-0.03666067487588219
2025-04-10,82622.17029546302,82622.17029546302,82622.17029546302,82622.17029546302,87408220482.11568,8.244667805893258,0.0792239215371125
2025-04-11,79596.35732250768,79596.35732250768,79596.35732250768,79596.35732250768,41213520154.25157,-3.662228869242723,-0.037309720503538604
2025-04-12,83439.28818043756,83439.28818043756,83439.28818043756,83439.28818043756,39813566443.76779,4.828023526703795,0.04715095021779283
2025-04-13,85305.09728392666,85305.09728392666,85305.09728392666,85305.09728392666,22428929482.069122,2.236127781260877,0.022114930109943743
2025-04-14,83600.82010054543,83600.82010054543,83600.82010054543,83600.82010054543,28731125717.934357,-1.997860898873105,-0.02018087999321789
2025-04-15,84523.4524914945,84523.4524914945,84523.4524914945,84523.4524914945,33155578229.343513,1.1036164356275968,0.010975710275204819
2025-04-16,83656.49248858042,83656.49248858042,83656.49248858042,83656.49248858042,25084671427.622566,-1.0257034909942009,-0.010310000785685756
2025-04-17,84105.77942167096,84105.77942167096,84105.77942167096,84105.77942167096,26948109141.803364,0.5370616430659725,0.005356246098968539
2025-04-18,84930.90857600998,84930.90857600998,84930.90857600998,84930.90857600998,19323821375.14309,0.9810611827305804,0.009762800228128057
2025-04-19,84433.75017215389,84433.75017215389,84433.75017215389,84433.75017215389,9550691272.782005,-0.5853680505621295,-0.005870880448176356
2025-04-20,85126.66244301842,85126.66244301842,85126.66244301842,85126.66244301842,12635983530.804455,0.8206579353063681,0.008173088486266326
2025-04-21,85073.16544858096,85073.16544858096,85073.16544858096,85073.16544858096,12625843856.313684,-0.0628439937643166,-0.0006286374887911351
2025-04-22,87452.04699068287,87452.04699068287,87452.04699068287,87452.04699068287,40070025414.28289,2.796277215686449,0.02757895252204569
2025-04-23,93576.16588573981,93576.16588573981,93576.16588573981,93576.16588573981,53841992235.36636,7.002830815051597,0.0676851043392908
2025-04-24,93605.45230873208,93605.45230873208,93605.45230873208,93605.45230873208,39901515879.65954,0.031296882828080186,0.000312919863753045
2025-04-25,93872.81422867288,93872.81422867288,93872.81422867288,93872.81422867288,30031246761.093452,0.2856264387879559,0.0028521930155209234
2025-04-26,94773.11200643536,94773.11200643536,94773.11200643536,94773.11200643536,39336184715.04292,0.9590612417023747,0.009544914442469252
2025-04-27,94644.06637120107,94644.06637120107,94644.06637120107,94644.06637120107,15445392739.787264,-0.13616270744124526,-0.0013625549309160036
2025-04-28,93809.33781968223,93809.33781968223,93809.33781968223,93809.33781968223,15926259371.057959,-0.8819660687918618,-0.00885878410193843
2025-04-29,95030.60645474444,95030.60645474444,95030.60645474444,95030.60645474444,31913814736.53902,1.301862547425392,0.012934611547916357
2025-04-30,94256.35946318062,94256.35946318062,94256.35946318062,94256.35946318062,25882629766.278946,-0.8147343476467617,-0.008180714459504218
2025-05-01,94235.75331048167,94235.75331048167,94235.75331048167,94235.75331048167,26541700309.366146,-0.021861816875068385,-0.00021864206918598088
2025-05-02,96426.94522273027,96426.94522273027,96426.94522273027,96426.94522273027,30207566405.468834,2.3252235327595905,0.02298602092509737
2025-05-03,96855.5681343944,96855.5681343944,96855.5681343944,96855.5681343944,23276376191.483967,0.44450533061488606,0.004435203235308105
2025-05-04,95922.86842404422,95922.86842404422,95922.86842404422,95922.86842404422,13797554863.642815,-0.9629799590416765,-0.009676465943906915
2025-05-05,94326.62048529249,94326.62048529249,94326.62048529249,94326.62048529249,14903122945.616686,-1.6640952934134923,-0.01678096909976812
2025-05-06,94758.8237105546,94758.8237105546,94758.8237105546,94758.8237105546,24086456278.203846,0.45819856901319067,0.004571520349550133
2025-05-07,96854.53198815876,96854.53198815876,96854.53198815876,96854.53198815876,23348052607.071873,2.2116233565811383,0.02187521678797565
2025-05-08,97026.49376966801,97026.49376966801,97026.49376966801,97026.49376966801,64376174032.08048,0.17754644824494736,0.0017738902084881538
2025-05-09,103076.27555512934,103076.27555512934,103076.27555512934,103076.27555512934,50020047720.65604,6.23518541216479,0.06048518068005183
2025-05-10,102962.54045692299,102962.54045692299,102962.54045692299,102962.54045692299,40800894903.23446,-0.11034071380034982,-0.0011040163398325915
2025-05-11,104630.8792994166,104630.8792994166,104630.8792994166,104630.8792994166,21558992540.042442,1.6203357406392005,0.01607348405551629
2025-05-12,103994.061616746,103994.061616746,103994.061616746,103994.061616746,27389436049.454792,-0.6086326397470643,-0.006104923579388807
2025-05-13,102876.8304286011,102876.8304286011,102876.8304286011,102876.8304286011,43090605819.36596,-1.074322101450642,-0.010801346088585516
2025-05-14,104184.49039270742,104184.49039270742,104184.49039270742,104184.49039270742,33861432519.50822,1.271092780228944,0.012630822057524423
2025-05-15,103594.42575090709,103594.42575090709,103594.42575090709,103594.42575090709,28398245846.798244,-0.5663651466510711,-0.00567975075643251
2025-05-16,103708.85136423641,103708.85136423641,103708.85136423641,103708.85136423641,31823340473.339912,0.11045537682159434,0.0011039441975302764
2025-05-17,103556.03493982446,103556.03493982446,103556.03493982446,103556.03493982446,25887953182.14765,-0.14735138071797493,-0.0014746004962818394
2025-05-18,103212.36483885496,103212.36483885496,103212.36483885496,103212.36483885496,18950056010.479057,-0.331868732874141,-0.003324206385600036
2025-05-19,106030.6376831359,106030.6376831359,106030.6376831359,106030.6376831359,30744060179.802963,2.7305573791290394,0.026939426895848165
2025-05-20,105629.41580436694,105629.41580436694,105629.41580436694,105629.41580436694,43339734153.75087,-0.3784018351072893,-0.003791195860787015
2025-05-21,106786.71995834043,106786.71995834043,106786.71995834043,106786.71995834043,36393687094.25122,1.0956267675633846,0.010896682599909896
2025-05-22,109665.86371625263,109665.86371625263,109665.86371625263,109665.86371625263,60722883113.84,2.6961627429285207,0.026604566498900035
2025-05-23,111560.356938144,111560.356938144,111560.356938144,111560.356938144,52218408239.45193,1.727514066540481,0.0171276219372562
2025-05-24,107216.66856870624,107216.66856870624,107216.66856870624,107216.66856870624,49251745837.96465,-3.89357697362529,-0.0397140353423682
2025-05-25,107831.36374380375,107831.36374380375,107831.36374380375,107831.36374380375,27128230116.517162,0.5733205324353063,0.005716833049975038
2025-05-26,108861.81037744327,108861.81037744327,108861.81037744327,108861.81037744327,29652659665.048733,0.9556093866045723,0.009510723216171555
2025-05-27,109377.71513263129,109377.71513263129,109377.71513263129,109377.71513263129,27950577137.918888,0.47390793281802956,0.00472788524424359
2025-05-28,109068.45694901445,109068.45694901445,109068.45694901445,109068.45694901445,38978783508.88622,-0.282743320466905,-0.0028314379444699957
2025-05-29,107838.18431100152,107838.18431100152,107838.18431100152,107838.18431100152,29794278037.284946,-1.127982069635436,-0.011343920351408136
2025-05-30,105745.41660358038,105745.41660358038,105745.41660358038,105745.41660358038,38279231892.56757,-1.9406555486743637,-0.019597334966570602
2025-05-31,104010.91956242644,104010.91956242644,104010.91956242644,104010.91956242644,39680060337.610214,-1.6402574190579222,-0.016538585754727143
2025-06-01,104687.50742934884,104687.50742934884,104687.50742934884,104687.50742934884,20432694555.09522,0.6504969572125763,0.006483903564035228
2025-06-02,105710.00593822816,105710.00593822816,105710.00593822816,105710.00593822816,17721500507.53389,0.9767149242419171,0.009719758968978599
2025-06-03,105884.74263221149,105884.74263221149,105884.74263221149,105884.74263221149,26313843058.73954,0.16529815927306402,0.0016516169223007836
2025-06-04,105434.47745144971,105434.47745144971,105434.47745144971,105434.47745144971,25925661121.080395,-0.4252408511071004,-0.004261475714241191
2025-06-05,104812.9182188067,104812.9182188067,104812.9182188067,104812.9182188067,25812143562.797962,-0.589521803177917,-0.005912663426325708
2025-06-06,101650.7387545425,101650.7387545425,101650.7387545425,101650.7387545425,39711941132.0234,-3.0169749282839997,-0.030634222059525623
2025-06-07,104409.74967959142,104409.74967959142,104409.74967959142,104409.74967959142,29897390978.090103,2.71420646701952,0.02678025114624096
2025-06-08,105681.4546141758,105681.4546141758,105681.4546141758,105681.4546141758,17749731308.73042,1.2179944291476064,0.012106365623548682
2025-06-09,105692.24740699006,105692.24740699006,105692.24740699006,105692.24740699006,16044679696.270103,0.010212570269452215,0.00010212048821996495
2025-06-10,110261.57485948496,110261.57485948496,110261.57485948496,110261.57485948496,38222993297.50514,4.323238046873712,0.04232395126828996
2025-06-11,110212.73252109604,110212.73252109604,110212.73252109604,110212.73252109604,36303839182.734825,-0.044296790111297835,-0.00044306604037645233
2025-06-12,108679.9760916168,108679.9760916168,108679.9760916168,108679.9760916168,30338936631.626648,-1.3907253675847775,-0.01400486559408855
2025-06-13,105979.22902375912,105979.22902375912,105979.22902375912,105979.22902375912,35865159511.38857,-2.485045695612742,-0.025164442264518166
2025-06-14,106045.56440819203,106045.56440819203,106045.56440819203,106045.56440819203,49471015505.74361,0.06259281657732263,0.000625732354443829
2025-06-15,105482.90611628917,105482.90611628917,105482.90611628917,105482.90611628917,17916412455.866283,-0.5305816372828787,-0.005319942204721922
2025-06-16,105554.49383061715,105554.49383061715,105554.49383061715,105554.49383061715,16568441852.649668,0.06786664964373301,0.0006784363064728933
2025-06-17,106951.2720181497,106951.2720181497,106951.2720181497,106951.2720181497,32095957011.724205,1.3232768561933117,0.013145980274528214
2025-06-18,104683.42479835715,104683.42479835715,104683.42479835715,104683.42479835715,38603212010.889435,-2.1204490390798636,-0.02143253507310026
2025-06-19,104722.695052907,104722.695052907,104722.695052907,104722.695052907,30339326410.154945,0.03751334523636185,0.00037506310740202637
2025-06-20,104690.65002458123,104690.65002458123,104690.65002458123,104690.65002458123,18063282658.152298,-0.030599888887106186,-0.0003060457160840174
2025-06-21,103290.105144757,103290.105144757,103290.105144757,103290.105144757,30632751225.407444,-1.3377936611296048,-0.01346822737892604
2025-06-22,101532.5683847329,101532.5683847329,101532.5683847329,101532.5683847329,21644463198.719532,-1.7015538492878735,-0.017161966175448812
2025-06-23,100852.58264648831,100852.58264648831,100852.58264648831,100852.58264648831,51287142390.02526,-0.6697217937676414,-0.006719744936878766
2025-06-24,105511.62437933135,105511.62437933135,105511.62437933135,105511.62437933135,50011797128.6837,4.619655352975993,0.04516125767420073
2025-06-25,105976.06929808448,105976.06929808448,105976.06929808448,105976.06929808448,31704641076.941063,0.44018364941798005,0.004392176748625466
2025-06-26,107238.53045016268,107238.53045016268,107238.53045016268,107238.53045016268,30468274982.034847,1.1912700295830136,0.011842302614463137
2025-06-27,106984.01253775663,106984.01253775663,106984.01253775663,106984.01253775663,24320699663.15122,-0.23733812029841372,-0.0023762021364690535
2025-06-28,107078.91560644074,107078.91560644074,107078.91560644074,107078.91560644074,25194306261.888832,0.08870771102422736,0.0008866838898698613
2025-06-29,107331.58548463577,107331.58548463577,107331.58548463577,107331.58548463577,8960877693.57604,0.23596604127342768,0.002356880785894092
2025-06-30,108396.61631317894,108396.61631317894,108396.61631317894,108396.61631317894,14881078675.366829,0.9922809056944537,0.009873901256208309
2025-07-01,107132.79910701896,107132.79910701896,107132.79910701896,107132.79910701896,22489515582.41552,-1.1659194254814764,-0.011727695627927815
2025-07-02,105613.39974163055,105613.39974163055,105613.39974163055,105613.39974163055,25033160828.30909,-1.418239211570138,-0.014283923352522546
2025-07-03,108824.44423167943,108824.44423167943,108824.44423167943,108824.44423167943,36395184773.06136,3.040376029844971,0.02995072571926072
2025-07-04,109602.20483914016,109602.20483914016,109602.20483914016,109602.20483914016,29892049537.628605,0.7146929285528403,0.0071215110229168
2025-07-05,108040.8919400104,108040.8919400104,108040.8919400104,108040.8919400104,24248906784.57383,-1.4245269074844358,-0.014347706920517077
2025-07-06,108217.46849992426,108217.46849992426,108217.46849992426,108217.46849992426,10042942280.966904,0.16343493351749228,0.0016330152396878113
2025-07-07,109215.19771840284,109215.19771840284,109215.19771840284,109215.19771840284,14638669497.351297,0.9219668804942183,0.009177427096375885
2025-07-08,108300.71675785031,108300.71675785031,108300.71675785031,108300.71675785031,25493246475.80407,-0.8373202444868499,-0.008408454624810834
2025-07-09,108953.19187727802,108953.19187727802,108953.19187727802,108953.19187727802,20488865138.27645,0.6024661137622678,0.00600658543038583
2025-07-10,111327.53054245669,111327.53054245669,111327.53054245669,111327.53054245669,37078460440.66385,2.1792281843868055,0.021558224395983913
2025-07-11,115879.65030112496,115879.65030112496,115879.65030112496,115879.65030112496,56204086624.04028,4.088943441471771,0.040075573055180266
2025-07-12,117571.02510036016,117571.02510036016,117571.02510036016,117571.02510036016,64185145923.88688,1.459596050592138,0.014490464776393826
2025-07-13,117418.95745007684,117418.95745007684,117418.95745007684,117418.95745007684,24351256098.393543,-0.12934109416288253,-0.0012942481195153408
2025-07-14,119117.55666327637,119117.55666327637,119117.55666327637,119117.55666327637,27310851454.97692,1.4466141158864687,0.014362504821765217
2025-07-15,119833.67446712355,119833.67446712355,119833.67446712355,119833.67446712355,68915956378.80447,0.6011857730355619,0.005993858616387011
2025-07-16,117678.19493404306,117678.19493404306,117678.19493404306,117678.19493404306,80299520980.2335,-1.7987260614893752,-0.018150997814561597
2025-07-17,118748.1627367753,118748.1627367753,118748.1627367753,118748.1627367753,50374263848.76278,0.9092319977646923,0.009051233694986961
2025-07-18,119445.36520434043,119445.36520434043,119445.36520434043,119445.36520434043,49282617205.72662,0.5871269512696342,0.005854100778583816
2025-07-19,117988.94664455787,117988.94664455787,117988.94664455787,117988.94664455787,58896449260.69391,-1.2193177669899469,-0.012268124308958288
2025-07-20,117901.62655900871,117901.62655900871,117901.62655900871,117901.62655900871,23934511126.349533,-0.07400700492072865,-0.0007403440362342218
2025-07-21,117256.9208222684,117256.9208222684,117256.9208222684,117256.9208222684,36702153882.06748,-0.546816660258409,-0.005483171751014114
2025-07-22,117482.46977767294,117482.46977767294,117482.46977767294,117482.46977767294,46344384345.39471,0.19235449287162698,0.0019216972851407545
2025-07-23,119955.79570607653,119955.79570607653,119955.79570607653,119955.79570607653,58939000420.94166,2.1052723296370646,0.020834176729180337
2025-07-24,118629.05588130427,118629.05588130427,118629.05588130427,118629.05588130427,45225685167.61703,-1.1060239457067356,-0.011121858675621387
2025-07-25,118354.43517438594,118354.43517438594,118354.43517438594,118354.43517438594,51940414419.3327,-0.23149531527343337,-0.002317636799261307
2025-07-26,117540.80837085741,117540.80837085741,117540.80837085741,117540.80837085741,91617702596.10347,-0.6874493569503426,-0.006898231754977947
2025-07-27,117959.54234360624,117959.54234360624,117959.54234360624,117959.54234360624,25145925063.881348,0.3562456125260516,0.003556125608774862
2025-07-28,119418.91405141471,119418.91405141471,119418.91405141471,119418.91405141471,30220402191.467663,1.2371798659216893,0.012295893373563613
2025-07-29,118003.30201607826,118003.30201607826,118003.30201607826,118003.30201607826,43433742203.62158,-1.1854169388334723,-0.0119249902926788
2025-07-30,117853.30892863822,117853.30892863822,117853.30892863822,117853.30892863822,42860287143.68828,-0.12710922904479727,-0.0012719008134642613
2025-07-31,117833.24087995925,117833.24087995925,117833.24087995925,117833.24087995925,43054424656.58649,-0.01702798916839443,-0.00017029439095067933
2025-08-01,115700.00243915782,115700.00243915782,115700.00243915782,115700.00243915782,45238249453.35885,-1.810387650268086,-0.018269756775456565
2025-08-02,113234.6051343189,113234.6051343189,113234.6051343189,113234.6051343189,65794680822.25255,-2.130853286831491,-0.021538837162310046
2025-08-03,112554.90232221723,112554.90232221723,112554.90232221723,112554.90232221723,33543439044.09785,-0.6002606811719935,-0.006020694876003845
2025-08-04,114199.10966460757,114199.10966460757,114199.10966460757,114199.10966460757,24689273719.085533,1.4608047348158903,0.014502377666562469
2025-08-05,115138.68613070177,115138.68613070177,115138.68613070177,115138.68613070177,32488023582.82734,0.822752882096589,0.008193867214237689
2025-08-06,114128.35408881678,114128.35408881678,114128.35408881678,114128.35408881678,37316213251.97167,-0.877491376563122,-0.008813640034313954
2025-08-07,115022.09576830892,115022.09576830892,115022.09576830892,115022.09576830892,32052509631.058872,0.7831022243575125,0.007800518933461039
2025-08-08,117463.47451085235,117463.47451085235,117463.47451085235,117463.47451085235,38289687095.00489,2.122530220159735,0.021003183008915835
2025-08-09,116688.36663186055,116688.36663186055,116688.36663186055,116688.36663186055,33017415812.97353,-0.6598714044681042,-0.006620581810712342
2025-08-10,116510.08393213755,116510.08393213755,116510.08393213755,116510.08393213755,27638785406.21056,-0.15278532459491734,-0.0015290216039244111
2025-08-11,119266.92516880555,119266.92516880555,119266.92516880555,119266.92516880555,37157754754.85189,2.366182517106208,0.023386223216768684
2025-08-12,118773.79960860992,118773.79960860992,118773.79960860992,118773.79960860992,61739781527.95854,-0.4134637993707724,-0.004143209243545801
2025-08-13,120202.53485503166,120202.53485503166,120202.53485503166,120202.53485503166,46941089789.57991,1.202904387272108,0.011957269932425033
2025-08-14,123560.99363577305,123560.99363577305,123560.99363577305,123560.99363577305,61818118105.53991,2.7939999641370283,0.027556799221989368
2025-08-15,118405.59579823953,118405.59579823953,118405.59579823953,118405.59579823953,73822008367.99681,-4.17235058236124,-0.04261892660236773
2025-08-16,117339.79190213277,117339.79190213277,117339.79190213277,117339.79190213277,44268714220.021,-0.9001296677927928,-0.009042053107019143
2025-08-17,117501.21653394958,117501.21653394958,117501.21653394958,117501.21653394958,23202714236.542347,0.13757023870593077,0.001374756975501056
2025-08-18,117542.83687778088,117542.83687778088,117542.83687778088,117542.83687778088,20906566026.645443,0.03542120248538616,0.0003541493065845258
2025-08-19,116256.41276740946,116256.41276740946,116256.41276740946,116256.41276740946,47337926940.98573,-1.0944300346511282,-0.011004629780993555
2025-08-20,112778.34483555844,112778.34483555844,112778.34483555844,112778.34483555844,46156885037.403885,-2.9917213588978364,-0.030373864311054568
2025-08-21,114252.39755195397,114252.39755195397,114252.39755195397,114252.39755195397,42166369117.006935,1.307035245591548,0.01298567246600658
2025-08-22,112414.39987336512,112414.39987336512,112414.39987336512,112414.39987336512,32048202090.65466,-1.6087169442138394,-0.016217972685370185
2025-08-23,116834.24948202295,116834.24948202295,116834.24948202295,116834.24948202295,50878158870.82928,3.931746834601957,0.0385642172704887
2025-08-24,115359.98346714744,115359.98346714744,115359.98346714744,115359.98346714744,27306719885.257973,-1.2618440409482456,-0.01269872905536785
2025-08-25,113399.54847314971,113399.54847314971,113399.54847314971,113399.54847314971,40682656776.69001,-1.6994064450052804,-0.017140120653864447
2025-08-26,110185.35443900425,110185.35443900425,110185.35443900425,110185.35443900425,52854872363.936554,-2.834397559269386,-0.028753421508166236
2025-08-27,111842.70999260596,111842.70999260596,111842.70999260596,111842.70999260596,43023800053.0546,1.504152309569573,0.014929521110869187
2025-08-28,111216.08479629169,111216.08479629169,111216.08479629169,111216.08479629169,36957904262.995804,-0.5602736167209299,-0.005618490365456383
2025-08-29,112525.59740669793,112525.59740669793,112525.59740669793,112525.59740669793,34222495087.206894,1.1774489389774878,0.011705709462147317
2025-08-30,108480.30666639366,108480.30666639366,108480.30666639366,108480.30666639366,51702115726.38959,-3.594996012936935,-0.03661207713930276
2025-08-31,108781.95727925687,108781.95727925687,108781.95727925687,108781.95727925687,27799981330.792213,0.2780694691349561,0.002776835711973373
2025-09-01,108253.36092385623,108253.36092385623,108253.36092385623,108253.36092385623,26140904019.246822,-0.48592282086233896,-0.004871072643467461
2025-09-02,109162.68557992298,109162.68557992298,109162.68557992298,109162.68557992298,42999610648.39302,0.8399966969213635,0.008364883575988174
2025-09-03,111190.18209845416,111190.18209845416,111190.18209845416,111190.18209845416,50235464642.845955,1.8573164518261631,0.01840278966506748
2025-09-04,111711.51977725117,111711.51977725117,111711.51977725117,111711.51977725117,36406080683.42747,0.4688702446187243,0.0046777447192040454
2025-09-05,110724.736377486,110724.736377486,110724.736377486,110724.736377486,38708366685.43147,-0.8833318190754058,-0.008872563226067696
2025-09-06,110662.18112628513,110662.18112628513,110662.18112628513,110662.18112628513,56020470627.40665,-0.05649618436445181,-0.0005651214947209147
2025-09-07,110209.1888247784,110209.1888247784,110209.1888247784,110209.1888247784,19340758702.076332,-0.409346984576231,-0.004101871027946603
2025-09-08,111131.9923868407,111131.9923868407,111131.9923868407,111131.9923868407,22147049159.335133,0.8373199838440648,0.008338339062985823
2025-09-09,112025.12878118771,112025.12878118771,112025.12878118771,112025.12878118771,37159847899.8603,0.8036717196953314,0.00800459477640216
2025-09-10,111547.43956434788,111547.43956434788,111547.43956434788,111547.43956434788,45338021458.38368,-0.4264125576439848,-0.004273242887375728
2025-09-11,113975.32489468766,113975.32489468766,113975.32489468766,113975.32489468766,52205187155.05567,2.1765495826905124,0.021532009314367776
2025-09-12,115503.16663193036,115503.16663193036,115503.16663193036,115503.16663193036,43752917632.95067,1.3405021996247157,0.01331596963871686
2025-09-13,116160.14344594491,116160.14344594491,116160.14344594491,116160.14344594491,51192951485.864395,0.5687954998741418,0.00567183966270053
2025-09-14,115970.58488443034,115970.58488443034,115970.58488443034,115970.58488443034,30063858747.76022,-0.16318726534870764,-0.0016332056080044016
2025-09-15,115373.55555886829,115373.55555886829,115373.55555886829,115373.55555886829,26889399414.610912,-0.5148109981138904,-0.00516140715583896
2025-09-16,115397.25272727509,115397.25272727509,115397.25272727509,115397.25272727509,46947581231.08198,0.020539514702488937,0.00020537405632958024
2025-09-17,116762.8496864193,116762.8496864193,116762.8496864193,116762.8496864193,39964451595.099724,1.1833877556614025,0.0117644047787177
2025-09-18,116455.94648225319,116455.94648225319,116455.94648225319,116455.94648225319,54740952295.37868,-0.2628431945523202,-0.002631892337702904
2025-09-19,117145.49508952006,117145.49508952006,117145.49508952006,117145.49508952006,43642467075.25838,0.5921111184923111,0.005903650297425997
2025-09-20,115655.81046441344,115655.81046441344,115655.81046441344,115655.81046441344,34296721252.33001,-1.2716533606078717,-0.01279808078883773
2025-09-21,115715.51536781774,115715.51536781774,115715.51536781774,115715.51536781774,18774953731.290394,0.05162291731350965,0.0005160959726948292
2025-09-22,115304.47999407038,115304.47999407038,115304.47999407038,115304.47999407038,18659113982.495464,-0.35521198038208635,-0.0035584435609744393
2025-09-23,112696.74101711863,112696.74101711863,112696.74101711863,112696.74101711863,69152342029.46799,-2.2616111508294012,-0.022875778329719713
2025-09-24,112022.16587861195,112022.16587861195,112022.16587861195,112022.16587861195,46154878824.043465,-0.5985755510039215,-0.0060037419554456895
2025-09-25,113320.56908541008,113320.56908541008,113320.56908541008,113320.56908541008,46677543220.334526,1.1590591885226376,0.011523935538344125
2025-09-26,108963.53013595635,108963.53013595635,108963.53013595635,108963.53013595635,74481796351.47305,-3.8448791641434665,-0.03920745654824252
2025-09-27,109710.20874667744,109710.20874667744,109710.20874667744,109710.20874667744,55257214020.568245,0.6852555252105486,0.006829183206768601
2025-09-28,109654.81021075726,109654.81021075726,109654.81021075726,109654.81021075726,23294896964.31016,-0.05049533361849434,-0.0005050808680543746
2025-09-29,112142.57362752674,112142.57362752674,112142.57362752674,112142.57362752674,31274654338.51212,2.268722559446301,0.0224336978888705
2025-09-30,114309.15041119447,114309.15041119447,114309.15041119447,114309.15041119447,57833295882.65785,1.9319841819074535,0.019135583125670052
2025-10-01,114024.22783550054,114024.22783550054,114024.22783550054,114024.22783550054,57718901820.70616,-0.2492561397482218,-0.002495673000291787
2025-10-02,118503.24451752483,118503.24451752483,118503.24451752483,118503.24451752483,69920179085.4708,3.9281271770470028,0.03852938940799209
2025-10-03,120611.71911591051,120611.71911591051,120611.71911591051,120611.71911591051,71252850672.75252,1.7792547427457839,0.01763611290905914
2025-10-04,122250.15186842803,122250.15186842803,122250.15186842803,122250.15186842803,83155430408.51796,1.3584357842897132,0.013492917627592985
2025-10-05,122380.93708463266,122380.93708463266,122380.93708463266,122380.93708463266,35161626561.80918,0.10698163904563351,0.0010692445447119847
2025-10-06,123506.18520027678,123506.18520027678,123506.18520027678,123506.18520027678,72011486031.26575,0.9194635557218778,0.009152622230823172
2025-10-07,124773.50823074432,124773.50823074432,124773.50823074432,124773.50823074432,69605991064.72382,1.0261211034997553,0.01020892220266919
2025-10-08,121518.75593575071,121518.75593575071,121518.75593575071,121518.75593575071,76087884719.80028,-2.6085283175452445,-0.02643153890156935
2025-10-09,123352.50487523204,123352.50487523204,123352.50487523204,123352.50487523204,62576032795.36722,1.5090254383865354,0.01497752911578745
2025-10-10,121698.03066778315,121698.03066778315,121698.03066778315,121698.03066778315,72097306668.91356,-1.3412570819882008,-0.013503331820415857
2025-10-11,113201.74064138904,113201.74064138904,113201.74064138904,113201.74064138904,151002213089.8765,-6.981452353643814,-0.07237127566216818
2025-10-12,110853.11663883903,110853.11663883903,110853.11663883903,110853.11663883903,108643865752.17674,-2.074724283604612,-0.020965490852767856
2025-10-13,115189.5714637257,115189.5714637257,115189.5714637257,115189.5714637257,93857100744.12454,3.911892562312791,0.03837316718680881
2025-10-14,115222.28302116522,115222.28302116522,115222.28302116522,115222.28302116522,68935270367.04033,0.0283980199108802,0.00028393988436427125
2025-10-15,113156.56943826913,113156.56943826913,113156.56943826913,113156.56943826913,91211854988.91518,-1.7928073708768921,-0.018090728614178257
2025-10-16,110708.66960879423,110708.66960879423,110708.66960879423,110708.66960879423,68877328886.40259,-2.163285650693325,-0.02187027704850107
2025-10-17,108076.72862033188,108076.72862033188,108076.72862033188,108076.72862033188,84773160808.27399,-2.3773576159506815,-0.024060727835094255
2025-10-18,106443.61194984635,106443.61194984635,106443.61194984635,106443.61194984635,94325236794.78163,-1.5110715242155237,-0.015226045388614624
2025-10-19,107156.00337647724,107156.00337647724,107156.00337647724,107156.00337647724,34412835719.61292,0.6692664910380453,0.006670368455095734
2025-10-20,108621.134857428,108621.134857428,108621.134857428,108621.134857428,45373692612.394394,1.3672882851026413,0.013580252383546548
2025-10-21,110608.5714932665,110608.5714932665,110608.5714932665,110608.5714932665,60452111148.140076,1.8296960701498222,0.018131585512150224
2025-10-22,108486.10262716639,108486.10262716639,108486.10262716639,108486.10262716639,105841401713.00197,-1.9189008929830775,-0.019375507633198404
2025-10-23,107618.4266715404,107618.4266715404,107618.4266715404,107618.4266715404,83996418125.93103,-0.7998037855668327,-0.008030193731144152
2025-10-24,110048.51827291629,110048.51827291629,110048.51827291629,110048.51827291629,56192643013.57058,2.258062746812617,0.022329459095625163
2025-10-25,110997.80437129698,110997.80437129698,110997.80437129698,110997.80437129698,49120903424.344864,0.8626068876515847,0.008589076922262406
2025-10-26,111620.3093731354,111620.3093731354,111620.3093731354,111620.3093731354,23214874411.212166,0.5608264103640126,0.005592596342511165
2025-10-27,114476.01227508577,114476.01227508577,114476.01227508577,114476.01227508577,42483268634.18711,2.5584079796840964,0.025262284244795517
2025-10-28,114182.79442806762,114182.79442806762,114182.79442806762,114182.79442806762,63764801510.65889,-0.25613911699994274,-0.0025646771446726376
2025-10-29,112950.34863259472,112950.34863259472,112950.34863259472,112950.34863259472,66299512352.17796,-1.0793620892237898,-0.010852294601360404
2025-10-30,110046.66925837283,110046.66925837283,110046.66925837283,110046.66925837283,64235327509.05742,-2.5707573366302583,-0.026043787716947563
2025-10-31,108240.76528725718,108240.76528725718,108240.76528725718,108240.76528725718,72648897659.94229,-1.641034647650863,-0.016546487683334853
2025-11-01,109573.90555629115,109573.90555629115,109573.90555629115,109573.90555629115,58800487940.5146,1.2316434251882669,0.012241204057501929
2025-11-02,110014.13556776087,110014.13556776087,110014.13556776087,110014.13556776087,24938475577.849922,0.40176537400462564,0.004009604521371749
2025-11-03,110650.2092823146,110650.2092823146,110650.2092823146,110650.2092823146,35098774843.7742,0.5781745330007526,0.0057650951875724684
2025-11-04,106521.08673825761,106521.08673825761,106521.08673825761,106521.08673825761,75068433317.86293,-3.731689773420921,-0.038030994792491835
2025-11-05,101635.2740227234,101635.2740227234,101635.2740227234,101635.2740227234,108965721650.60309,-4.586709416079815,-0.04695230294032869
2025-11-06,103877.95965955159,103877.95965955159,103877.95965955159,103877.95965955159,77083907216.62631,2.2066016532082955,0.021826085127884066
2025-11-07,101322.6402945857,101322.6402945857,101322.6402945857,101322.6402945857,64118217249.57436,-2.4599244857529623,-0.024906861519002066
2025-11-08,103396.084215925,103396.084215925,103396.084215925,103396.084215925,93627003785.31018,2.0463777052305065,0.020257207343625006
2025-11-09,102290.13714655167,102290.13714655167,102290.13714655167,102290.13714655167,51095924202.31797,-1.0696218118509737,-0.010753833874974092
2025-11-10,104709.67861656273,104709.67861656273,104709.67861656273,104709.67861656273,59952468437.71812,2.3653712249349867,0.023378297792901216
2025-11-11,105909.07272321742,105909.07272321742,105909.07272321742,105909.07272321742,67546556819.52642,1.145447223696272,0.011389366466321865
2025-11-12,102960.77564500563,102960.77564500563,102960.77564500563,102960.77564500563,71008299178.73956,-2.7838002943495366,-0.02823282477015997
2025-11-13,101521.70859453593,101521.70859453593,101521.70859453593,101521.70859453593,63332414142.58827,-1.397684741062366,-0.014075443327215812
2025-11-14,99730.4533956204,99730.4533956204,99730.4533956204,99730.4533956204,100463341916.4732,-1.7644060799543504,-0.01780157275745942
2025-11-15,94456.39368235337,94456.39368235337,94456.39368235337,94456.39368235337,113198323665.38873,-5.288314184580489,-0.05433279514691243
2025-11-16,95508.31019889197,95508.31019889197,95508.31019889197,95508.31019889197,39062120798.23745,1.1136530578079062,0.011074976002743254
2025-11-17,94411.32947182967,94411.32947182967,94411.32947182967,94411.32947182967,72645149972.7847,-1.1485709722828141,-0.011552179948724971
2025-11-18,92036.7255045672,92036.7255045672,92036.7255045672,92036.7255045672,95794596045.06412,-2.5151684448750267,-0.025473393880737792
2025-11-19,92819.75921500899,92819.75921500899,92819.75921500899,92819.75921500899,103837258806.01602,0.8507839736246581,0.008471852042050101
2025-11-20,91363.27838693369,91363.27838693369,91363.27838693369,91363.27838693369,82897875507.45229,-1.5691495435810054,-0.015815910168723395
2025-11-21,86649.97257918229,86649.97257918229,86649.97257918229,86649.97257918229,99171039191.1295,-5.158862390850317,-0.052966929827507184
2025-11-22,85051.8019295002,85051.8019295002,85051.8019295002,85051.8019295002,135093457122.46469,-1.8443983328692348,-0.018616194381400844
2025-11-23,84682.62429147748,84682.62429147748,84682.62429147748,84682.62429147748,42644968955.2184,-0.4340621005640033,-0.00435006885058571
2025-11-24,86783.84766839583,86783.84766839583,86783.84766839583,86783.84766839583,60446592409.29218,2.4812922302525076,0.024510081105708792
2025-11-25,88229.35740719768,88229.35740719768,88229.35740719768,88229.35740719768,77606296173.43544,1.6656437547286407,0.01651924047169543
2025-11-26,87310.33159950442,87310.33159950442,87310.33159950442,87310.33159950442,67956444142.18749,-1.0416326659297148,-0.010470956280959969
2025-11-27,90474.22677969698,90474.22677969698,90474.22677969698,90474.22677969698,69690430587.90018,3.6237351550850283,0.03559622141058242
2025-11-28,91279.06057176423,91279.06057176423,91279.06057176423,91279.06057176423,59295194347.668594,0.8895724458933607,0.00885639059878798
2025-11-29,90950.37695910994,90950.37695910994,90950.37695910994,90950.37695910994,62833195066.53989,-0.3600865418590504,-0.0036073641398426596
2025-11-30,90841.45258193677,90841.45258193677,90841.45258193677,90841.45258193677,39253888201.69327,-0.11976242519824432,-0.0011983419770074028
2025-12-01,90406.28448571145,90406.28448571145,90406.28448571145,90406.28448571145,40334819409.843475,-0.479041322938778,-0.004801924034563501
2025-12-02,86281.49519776918,86281.49519776918,86281.49519776918,86281.49519776918,92988982967.24597,-4.562502829760895,-0.046698632659649464
2025-12-03,91344.73275150165,91344.73275150165,91344.73275150165,91344.73275150165,83138039128.81346,5.8682774818943795,0.05702547011010281
2025-12-04,93619.43750817103,93619.43750817103,93619.43750817103,93619.43750817103,81429135004.88295,2.4902418433448092,0.024597406530075038
2025-12-05,92140.70419795791,92140.70419795791,92140.70419795791,92140.70419795791,67878296355.02588,-1.5795152690209924,-0.015921225435594204
2025-12-06,89307.09154512963,89307.09154512963,89307.09154512963,89307.09154512963,50193142876.74388,-3.075310393483055,-0.031235904845130624
2025-12-07,89244.7620814118,89244.7620814118,89244.7620814118,89244.7620814118,24818678152.49986,-0.069792289323789,-0.0006981665547982597
2025-12-08,90162.90714007126,90162.90714007126,90162.90714007126,90162.90714007126,33912893266.90874,1.0287943373325392,0.010235382670875148
2025-12-09,90618.0535204608,90618.0535204608,90618.0535204608,90618.0535204608,45466493941.40448,0.5048044643042093,0.005035345983354336
2025-12-10,92723.21372069631,92723.21372069631,92723.21372069631,92723.21372069631,54575121853.64529,2.3231134618888927,0.022965399493213197
2025-12-11,92005.13714957413,92005.13714957413,92005.13714957413,92005.13714957413,52189659395.756485,-0.7744302017887228,-0.007774444849068072
2025-12-12,92494.17691640415,92494.17691640415,92494.17691640415,92494.17691640415,53232377699.408394,0.5315352837689691,0.0053012762092606415
2025-12-13,90307.26028567803,90307.26028567803,90307.26028567803,90307.26028567803,67750393558.62937,-2.364383038623763,-0.02392783125607619
2025-12-14,90257.4292885891,90257.4292885891,90257.4292885891,90257.4292885891,35222775785.402145,-0.05517939192406507,-0.0005519462135312587
2025-12-15,88230.77409367911,88230.77409367911,88230.77409367911,88230.77409367911,33808538697.042442,-2.2454164835893686,-0.022710098028467827
2025-12-16,86413.9190195637,86413.9190195637,86413.9190195637,86413.9190195637,50630498834.055145,-2.0592079042470512,-0.020807052185332096
2025-12-17,87821.88919109134,87821.88919109134,87821.88919109134,87821.88919109134,48317754254.70281,1.6293326208349335,0.016162014386454968
2025-12-18,86064.94716216,86064.94716216,86064.94716216,86064.94716216,48886793507.656334,-2.0005741679143596,-0.02020856619095159
2025-12-19,85450.3312009302,85450.3312009302,85450.3312009302,85450.3312009302,58649139178.511856,-0.7141304113877589,-0.007166925277985993
2025-12-20,88103.86075721023,88103.86075721023,88103.86075721023,88103.86075721023,51932451056.500565,3.105347304085293,0.03058106890893091
2025-12-21,88347.94310567998,88347.94310567998,88347.94310567998,88347.94310567998,17103607834.780054,0.2770393333186183,0.0027665628665445234
2025-12-22,88577.42038358838,88577.42038358838,88577.42038358838,88577.42038358838,22541294542.323105,0.259742637849425,0.002594058896528963
2025-12-23,88491.12020788102,88491.12020788102,88491.12020788102,88491.12020788102,41948947368.210236,-0.0974290912217124,-0.0009747658421129181
2025-12-24,87406.43636737975,87406.43636737975,87406.43636737975,87406.43636737975,46353794741.509995,-1.2257544462689118,-0.012333287748345544
2025-12-25,87642.60888119951,87642.60888119951,87642.60888119951,87642.60888119951,29100645180.040016,0.27020036925782254,0.002698359842921866
2025-12-26,87229.78066010943,87229.78066010943,87229.78066010943,87229.78066010943,22773603342.32636,-0.4710359793712593,-0.004721488498961781
2025-12-27,87305.95655961394,87305.95655961394,87305.95655961394,87305.95655961394,47130449135.786705,0.0873278585914683,0.0008728975000170055
2025-12-28,87807.003210775,87807.003210775,87807.003210775,87807.003210775,15670944599.660688,0.5738974417157205,0.005722569239480676
2025-12-29,87822.90829076794,87822.90829076794,87822.90829076794,87822.90829076794,17428479525.19913,0.01811368047119899,0.00018112040142177576
2025-12-30,87156.56266080117,87156.56266080117,87156.56266080117,87156.56266080117,53957962807.988785,-0.758737831546874,-0.007616308901423318
2025-12-31,88414.62856073362,88414.62856073362,88414.62856073362,88414.62856073362,39734225800.079216,1.443455158768292,0.014331365228489651
2026-01-01,87520.18048742875,87520.18048742875,87520.18048742875,87520.18048742875,37245075349.02766,-1.0116516778560625,-0.010168036495668076
2026-01-02,88727.67004249741,88727.67004249741,88727.67004249741,88727.67004249741,21163124465.205833,1.3796698639602312,0.013702390629032616
2026-01-03,89926.27924953419,89926.27924953419,89926.27924953419,89926.27924953419,50705395175.73333,1.35088547514286,0.013418423676318967
2026-01-04,90593.85443180417,90593.85443180417,90593.85443180417,90593.85443180417,23480735292.761147,0.7423582826300956,0.007396163650708552
2026-01-05,91373.21588108438,91373.21588108438,91373.21588108438,91373.21588108438,31050236622.948975,0.8602807046551808,0.008566013768405434
2026-01-06,93926.7956485658,93926.7956485658,93926.7956485658,93926.7956485658,59451605754.8414,2.794669907212999,0.02756331653713511
2026-01-07,93666.86387314305,93666.86387314305,93666.86387314305,93666.86387314305,57439451725.50999,-0.27673868104188815,-0.0027712231046060462
2026-01-08,91257.15544035907,91257.15544035907,91257.15544035907,91257.15544035907,47910812257.04945,-2.5726370384809183,-0.026063080897640003
2026-01-09,90983.51578142625,90983.51578142625,90983.51578142625,90983.51578142625,48319133568.469185,-0.29985556487310827,-0.0030030603239870825
2026-01-10,90504.89560340019,90504.89560340019,90504.89560340019,90504.89560340019,43664879516.319695,-0.5260515313299963,-0.005274400541023179
2026-01-11,90442.01907847001,90442.01907847001,90442.01907847001,90442.01907847001,13961660357.407768,-0.06947306497728789,-0.0006949720869397553
2026-01-12,90819.36598904192,90819.36598904192,90819.36598904192,90819.36598904192,19870776213.774654,0.4172252172350399,0.004163572462505596
2026-01-13,91134.96917951507,91134.96917951507,91134.96917951507,91134.96917951507,46923085427.627655,0.3475064894322477,0.0034690408083383724
2026-01-14,95260.4422971001,95260.4422971001,95260.4422971001,95260.4422971001,66844465446.74208,4.526772933294998,0.04427305292168958
2026-01-15,97007.78078881276,97007.78078881276,97007.78078881276,97007.78078881276,68433627980.993996,1.8342750144525022,0.01817655119045912
2026-01-16,95584.82797878512,95584.82797878512,95584.82797878512,95584.82797878512,59629891835.2242,-1.4668439979318992,-0.01477708529214899
2026-01-17,95516.07771987123,95516.07771987123,95516.07771987123,95516.07771987123,37208122951.606445,-0.07192591164064677,-0.0007195179073440027
2026-01-18,95099.53192554631,95099.53192554631,95099.53192554631,95099.53192554631,17839431205.011776,-0.43610018780980697,-0.004370538783864382
2026-01-19,93752.70577188236,93752.70577188236,93752.70577188236,93752.70577188236,23132534225.645782,-1.4162279523293408,-0.014263521619907963
2026-01-20,92558.46334372147,92558.46334372147,92558.46334372147,92558.46334372147,43338958368.50777,-1.273821825544652,-0.012820044984785246
2026-01-21,88312.84053255555,88312.84053255555,88312.84053255555,88312.84053255555,60578606228.98298,-4.586963371895592,-0.04695496458371393
2026-01-22,89354.34377512129,89354.34377512129,89354.34377512129,89354.34377512129,62357735672.95213,1.1793338729511271,0.011724339269831557
2026-01-23,89443.39744146909,89443.39744146909,89443.39744146909,89443.39744146909,39301750755.698135,0.09966349993226764,0.0009961386883949267
2026-01-24,89412.39849953113,89412.39849953113,89412.39849953113,89412.39849953113,43393369570.58639,-0.03465760785555938,-0.0003466361499246412
2026-01-25,89170.87364531498,89170.87364531498,89170.87364531498,89170.87364531498,16537403154.850498,-0.27012456691609676,-0.002704900616668056
2026-01-26,86548.32213469829,86548.32213469829,86548.32213469829,86548.32213469829,39912523619.12114,-2.9410405028082565,-0.02985156227050503
2026-01-27,88307.8612070438,88307.8612070438,88307.8612070438,88307.8612070438,50644433646.50017,2.0330134992184723,0.020126236686056266
2026-01-28,89204.22239644526,89204.22239644526,89204.22239644526,89204.22239644526,43778458930.62677,1.015041217338375,0.010099242709191589
2026-01-29,89162.09701574955,89162.09701574955,89162.09701574955,89162.09701574955,45893249753.273575,-0.04722352772550398,-0.000472346815449811
2026-01-30,84570.40906135936,84570.40906135936,84570.40906135936,84570.40906135936,70962598615.0189,-5.149820504534697,-0.05287159719488614
2026-01-31,84141.77856967277,84141.77856967277,84141.77856967277,84141.77856967277,79515463845.849,-0.5068327047769161,-0.005081214581232132
2026-02-01,78725.85853884545,78725.85853884545,78725.85853884545,78725.85853884545,78488542272.81866,-6.43665979361574,-0.06653154368681004
2026-02-02,76937.06406636834,76937.06406636834,76937.06406636834,76937.06406636834,58330740751.53287,-2.272181600400669,-0.02298393461648
2026-02-03,78767.65815345927,78767.65815345927,78767.65815345927,78767.65815345927,84675130404.55545,2.3793396710742654,0.02351474523615698
2026-02-04,75638.95670207398,75638.95670207398,75638.95670207398,75638.95670207398,73734215653.24066,-3.9720635661019577,-0.04053103233408647
2026-02-05,73172.29203248928,73172.29203248928,73172.29203248928,73172.29203248928,74109194166.40112,-3.2611035068878302,-0.03315462559327173
2026-02-06,62853.69038445987,62853.69038445987,62853.69038445987,62853.69038445987,142403234254.4544,-14.101788206180332,-0.15200717451584914
2026-02-07,70523.95417035831,70523.95417035831,70523.95417035831,70523.95417035831,128662818793.56021,12.203362664914996,0.11514277692693957
2026-02-08,69296.80677355142,69296.80677355142,69296.80677355142,69296.80677355142,68978204828.46071,-1.7400433813489546,-0.017553600743198092
2026-02-09,70542.37329463876,70542.37329463876,70542.37329463876,70542.37329463876,42782981463.70375,1.797437110136424,0.017814742076018266
2026-02-10,70096.40692272567,70096.40692272567,70096.40692272567,70096.40692272567,56115089203.17752,-0.6321964389408796,-0.0063420326314641146
2026-02-11,68779.90981269129,68779.90981269129,68779.90981269129,68779.90981269129,43014177103.90287,-1.8781235270528107,-0.01895984251500283
2026-02-12,66937.58141157958,66937.58141157958,66937.58141157958,66937.58141157958,54917156057.4172,-2.67858507830111,-0.027151129320063826
2026-02-13,66184.57765470445,66184.57765470445,66184.57765470445,66184.57765470445,47600564765.981926,-1.1249342163188292,-0.011313094578814133
2026-02-14,68838.87490510389,68838.87490510389,68838.87490510389,68838.87490510389,43307347077.16525,4.0104467603424565,0.03932115772723364
2026-02-15,69765.59638824302,69765.59638824302,69765.59638824302,69765.59638824302,38886730356.77217,1.346218229767171,0.013372372249917644
2026-02-16,68716.58337486399,68716.58337486399,68716.58337486399,68716.58337486399,44139541277.476685,-1.5036250927195072,-0.0151504414590658
2026-02-17,68907.78353606178,68907.78353606178,68907.78353606178,68907.78353606178,36789211960.55089,0.27824456893432714,0.002778581852953386
2026-02-18,67489.45540267964,67489.45540267964,67489.45540267964,67489.45540267964,38338996657.38213,-2.058298875104403,-0.020797770813345155
2026-02-19,66915.1097813609,66915.1097813609,66915.1097813609,66915.1097813609,34327242105.6028,-0.8510153443851087,-0.008546571562719619
2026-02-20,66956.66409601258,68172.85620895511,66754.63539163572,68041.9989547035,40656763313.927574,1.6840578712709497,0.016700348350835652
2026-02-21,68001.16900641973,68624.35686959434,67636.09802439428,67951.15591282771,41101790519.02816,-0.13351024848087256,-0.0013359945281991616
2026-02-22,67978.79019389286,68194.59339383944,67338.17491674826,67654.03558297858,19749603564.03165,-0.4372557403295674,-0.004382144990810312
2026-02-23,67585.11718938159,67585.11718938159,64312.31488359545,64719.44720467718,41130778763.297905,-4.3376398067223825,-0.04434527531108279
2026-02-24,64645.635433153606,64941.5287413215,62905.750100773046,64113.9657402143,49201023878.781,-0.9355479544626344,-0.00939951691909197
2026-02-25,64074.11098528222,69340.35897252934,64074.11098528222,68441.72145291104,46506860902.45337,6.750098301877827,0.0653203869809008
2026-02-26,67954.59317212048,68588.06560827991,66641.5855103991,67559.77818097749,54636170745.29534,-1.2886047475301088,-0.012969792793740697
2026-02-27,67461.32949507894,67938.63876392743,65299.540025783645,65612.79609265388,44902982961.17343,-2.8818657206186815,-0.02924206932908192
2026-02-28,65878.83934363318,67185.74551060123,63176.9334493685,67185.74551060123,42518606586.70608,2.3973211196885114,0.023690365334570786
2026-03-01,66995.18581485235,67767.30557255891,65226.85539035725,65226.85539035725,46370267306.5561,-2.9156335251722343,-0.02958982803211328
2026-03-02,65736.20402056671,69481.99623180542,65415.50558372273,69388.34462523523,49681293191.00405,6.380024316630162,0.06184763190877787
2026-03-03,68810.6953580863,69026.20614885502,66628.76774881013,68265.41075809332,58049537255.39408,-1.6183321178893206,-0.016315701297329344
2026-03-04,68292.19284917977,73669.77886917477,67727.15054899485,72719.81406521072,65463804121.21493,6.525124887773859,0.06321068577714417
2026-03-05,72718.88789125846,73406.86988902156,70744.21599700359,71233.21871236167,70547463013.11037,-2.0442782644025437,-0.02065462844300592
2026-03-06,70878.27262880845,71240.53565521113,67974.71278155119,68413.33201551982,50256834739.190575,-3.958668087467032,-0.04039154642078062
2026-03-07,68133.41234390924,68341.33395711421,67094.31199504284,67249.11359189247,35319748257.08709,-1.7017420279474726,-0.017163880537751468
2026-03-08,67267.81296868966,67884.75605610275,66243.61118027143,66243.61118027143,28425481699.667862,-1.4951905800915433,-0.01506481240397231
2026-03-09,65962.93555768127,69151.00637818531,65962.93555768127,68646.004299425,46093267396.18335,3.626603496321845,0.035623901377289977
2026-03-10,68420.96624019857,71473.0344724545,68420.96624019857,69707.35896547118,54019002188.98591,1.5461273775188689,0.015342966180847966
2026-03-11,69928.9163122041,70773.23922506295,69180.65971302507,70399.56784593107,51403512276.936516,0.9930212401286997,0.009881231833496698
2026-03-12,70202.88635949187,70478.88551994674,69310.47299210235,70168.7542773972,45036176056.29046,-0.3278621951756988,-0.0032840084093693975
2026-03-13,70495.67568002958,73479.76604347788,70495.67568002958,70794.09447352387,53119506742.09311,0.8911946671513293,0.008872469646174044
2026-03-14,70965.28228600459,71077.08880135501,70539.27343461686,70723.78060432566,45380464470.203384,-0.09932165913149049,-0.0009937101577528506
2026-03-15,71122.93561633487,72783.28669635301,71019.85971523909,72783.28669635301,22808539251.00373,2.912041854138936,0.028704474826606288
2026-03-16,72799.1789981442,74717.3894011731,72560.01961161768,74717.3894011731,43899661446.566795,2.657344553412422,0.02622650439039715
2026-03-17,74858.14870100339,75632.41015615774,73664.92688506791,74313.11694423317,56480985416.56976,-0.5410687661600466,-0.005425378447551584
2026-03-18,73926.27899152413,74494.67471958217,71026.62449466846,71136.52376150078,42058375042.224,-4.2746063055277395,-0.04368657586774516
2026-03-19,71256.65956041873,71256.65956041873,69298.87894108835,70147.45290782927,47718168276.5776,-1.390384012842072,-0.014001403910051757
2026-03-20,69912.32846307463,71037.67359152887,69731.46429879949,70781.08357698002,42120441719.37058,0.9032839296151174,0.008992287220592502
2026-03-21,70511.00634700106,70743.5837097416,70287.02223502546,70292.26388186325,30135189192.931767,-0.690607815554467,-0.006930035477763337
2026-03-22,68412.67504146349,69329.99728279315,67836.00655868028,68296.86295861873,27963608516.562138,-2.8387205263414095,-0.02879791321235198
2026-03-23,67848.87605821833,71453.46560478497,67684.18004265723,70754.11294097341,41473499829.1256,3.597895826992148,0.035346833080760455
2026-03-24,70892.82823994374,71299.66799821133,69179.35721667454,70327.56965564,44327223834.80049,-0.6028529898880253,-0.006046774849026052
2026-03-25,70524.51175942823,71682.98549923916,70485.95261570862,71343.12285014275,40002474226.30265,1.4440328301908112,0.014337059728709915
2026-03-26,71309.26403856269,71309.26403856269,68432.89019563152,68826.30686850422,39795027812.33891,-3.5277625664426493,-0.035914914024336546
2026-03-27,68791.11093800364,68987.91604743515,65604.15370696093,65981.97377183192,51804703565.6015,-4.132624901851156,-0.04220445907845455
2026-03-28,66327.66737271791,66946.6353317456,65995.96577262062,66694.139781946,37683833166.519936,1.0793342020606556,0.010735509668703585
2026-03-29,66321.06539994745,66860.30574313855,65813.3236524164,65813.3236524164,22519812402.35301,-1.3206799464081764,-0.01329478476826846
2026-03-30,65970.42899513361,67850.83361908437,65970.42899513361,66734.19561943135,32924141237.67244,1.399218145976655,0.01389519454731845
2026-03-31,66699.27436893585,68196.60422235407,66037.9769355128,68146.94856232416,48171038209.544914,2.116985047589992,0.020948882326074555
2026-04-01,68231.32977209098,69101.02455101817,67581.86166020094,68114.03006381732,53986735041.04441,-0.04830516875856672,-0.0004831683946373123
2026-04-02,68089.0553821667,68603.81518600573,66045.87831151168,67019.98617750364,46308526686.85209,-1.6061946199463661,-0.016192337366275022
2026-04-03,66891.6645686824,67029.59211299967,66486.53838422897,66894.47014206758,36054413079.799416,-0.18728150003436417,-0.0018745709110294735
2026-04-04,66939.69121715311,67433.23263448066,66842.73653470511,67387.66168189244,22248203670.931152,0.7372680264563503,0.007345634907251192
2026-04-05,67305.53270568071,68319.43753253935,66767.0131421243,68319.43753253935,18249141616.368565,1.382709872091148,0.013732376547871229
2026-04-06,68985.52642694542,69929.83872890126,68800.40695728877,68899.60245420209,36582322830.30181,0.8491945229883058,0.008456091498610957
2026-04-07,68864.23452757328,71406.79268018887,67946.5734483157,71406.79268018887,44078810577.67066,3.6389037624031673,0.03574259228981512
2026-04-08,71975.62171045873,72088.64825915922,70839.24039381472,71084.7379943279,53537873337.93864,-0.45101407551431105,-0.004520342124589579
2026-04-09,71117.07713411814,72383.7859971068,70785.05000466589,72038.73499515245,37344366489.09319,1.3420560133466042,0.013331302124507631
2026-04-10,71770.7468500515,73242.51336592567,71470.27731650925,72926.07869726027,39522189317.06066,1.2317591392568605,0.012242347119083705
2026-04-11,72843.71988601146,73538.48935210315,72748.47373621527,73053.88808483821,31333232903.49563,0.17525882353899291,0.0017510542446697221
2026-04-12,72979.83971431734,73085.90563102519,70779.92731840577,70904.50714836456,27401221071.194416,-2.9421855466167046,-0.02986335974462494
2026-04-13,70756.75105500016,74666.14313470945,70678.34587741118,74666.14313470945,33169928429.684402,5.305214206586095,0.051692749557277935
2026-04-14,74514.63006655,75482.48487597577,74072.48913347033,74103.7716473976,58912217016.51556,-0.7531813800764287,-0.007560321141857836
2026-04-15,74181.10807228928,75065.22777479656,73761.19237686085,74994.07056275372,48656155111.57784,1.2014218649927244,0.011942620815908004
2026-04-16,74810.96914134864,75389.68135904678,73705.01360985098,74883.21300083205,40603262335.89619,-0.14782176922761847,-0.0014793113339422387
2026-04-17,75149.1930221427,77956.91427499668,74649.52985426539,77308.43885337995,48960687402.54835,3.2386776092539593,0.03187337988115846
2026-04-18,77128.44334858148,77315.4096324451,75653.54136303878,75830.19171188552,71603573795.39049,-1.9121420163431546,-0.019306598905305505
2026-04-19,75728.45681761758,76024.76202757412,74137.21873636951,74137.21873636951,54105393037.02722,-2.2325843272932855,-0.022578837542509975
2026-04-20,73856.05501487634,76437.62877231697,73856.05501487634,75992.70086029985,45866905391.66543,2.5027673758957647,0.02471961101513772
2026-04-21,75874.54629352967,76784.39417696862,74995.37782854948,75629.08968346077,44107330502.48832,-0.4784817130102037,-0.004796301014421154
2026-04-22,76350.25202878818,79321.15968354288,76308.7293299303,78602.89731358779,46862392570.608925,3.9320949684488404,0.03856756690401672
2026-04-23,78194.78334884858,78406.2930435807,77421.70696946804,78241.97434139495,45256116004.83803,-0.4591726062627588,-0.004602300418859252
2026-04-24,78260.61998045091,78450.36540019314,77360.7247577714,77360.7247577714,36738578106.00086,-1.12631307049893,-0.01132704009463868
2026-04-25,77444.79563692068,77798.77053029239,77268.59468461889,77571.92469081761,25563627525.790966,0.27300666288676556,0.002726346765746695
2026-04-26,77619.14219872655,78407.16125498862,77421.9680597692,78378.05061328351,17782252211.92481,1.0391980419190538,0.01033835498700705
2026-04-27,78645.12560170851,79260.26248669959,76597.37629170864,77068.29246494433,34066776801.340973,-1.6710777291483292,-0.016851977585068564
2026-04-28,77361.29911038803,77383.54057877463,75849.31178726906,76229.4038502392,35207072031.9235,-1.0885003259760828,-0.01094467834517832
2026-04-29,76345.22521002527,77629.86690905425,75436.56581067356,75907.29950981027,36460964199.404076,-0.4225460572428785,-0.004234413058772269
2026-04-30,75774.8855230121,76465.47268894286,75459.6526551717,76189.37205616337,38773998764.450836,0.37160134555522806,0.0037091261345299025
2026-05-01,76286.57710950871,78695.21355815475,76286.57710950871,78138.26976073837,33722586421.165573,2.557965306681309,0.025257967934052543
2026-05-02,78172.07422147921,78804.99536374844,78128.46024348195,78804.99536374844,29969745298.939472,0.853263842482832,0.008496441224916275
2026-05-03,78666.02056290468,79164.91262664807,78146.92223825728,79164.91262664807,18138235947.733547,0.4567188428072688,0.004556790470604255
2026-05-04,78542.80803714818,80468.0775179202,78523.09209511426,80060.10705547684,42378174813.801704,1.130796964370595,0.011244512487940965
2026-05-05,79824.40331204748,81640.76606774832,79824.40331204748,81102.49055562499,45830528644.4281,1.3020011320067804,0.01293597958284789
2026-05-06,80925.09365495079,82496.20820745183,80925.09365495079,81341.72824280302,43379044089.43412,0.2949819241542917,0.0029454770617652307
2026-05-07,81424.99515650333,81497.72906865228,79778.9710136237,79903.13315729475,39331067351.47856,-1.768581903268751,-0.017844081912275423
2026-05-08,80022.04125006415,80272.10755156755,79467.2776985759,80272.10755156755,37152770005.128716,0.461777128997487,0.004607142093702177
2026-05-09,80189.06503567853,80894.73012869508,80189.06503567853,80742.81677374235,26809127101.153484,0.5863920065539707,0.0058467942034493335
2026-05-10,80678.03394296461,82025.58932286626,80636.17438569819,82025.58932286626,19181009269.029152,1.588714142483405,0.015762261711538793
2026-05-11,82145.65606759128,82145.65606759128,80694.97932549506,81823.28617527579,35475739952.07368,-0.24663418972117324,-0.0024693883284468855
2026-05-12,81725.20771701908,81725.20771701908,79962.92388446922,80652.28434539585,32388689946.721287,-1.4311351751034596,-0.014414746813128826
2026-05-13,80480.88600120835,81234.86412675556,78827.54792181139,79401.91331959852,38990095810.651886,-1.550323138328702,-0.015624663166633966
2026-05-14,79277.8045183824,81700.16059140985,78973.18631712155,81418.22020889683,41810861114.8788,2.5393681398866663,0.025076618264282643
2026-05-15,81051.9828878728,81487.62279226341,78742.81197902776,79067.66378149157,43779014933.00021,-2.8870152422570516,-0.029295094010864168
2026-05-16,79071.54026748115,79124.94324558716,77912.5167834028,78156.22546207823,32988315501.871235,-1.1527320725349344,-0.011594275322309331
2026-05-17,78135.00994863857,78400.27916520913,77727.76142928877,77927.94321509842,21718691475.815845,-0.292084534060022,-0.0029251193338297567
2026-05-18,77432.49532158482,77580.45788279633,76201.13499806737,76995.11844336234,33823315174.33765,-1.1970350213931336,-0.012042571779629627
2026-05-19,76952.2148594993,77163.06667781518,76303.16796769164,76657.70732989699,37506312618.29215,-0.438224033272383,-0.004391870492639242
2026-05-20,76752.95255055482,77653.42041764109,76618.8095608257,77459.82621158756,27545280261.829403,1.0463642986851207,0.01040927798304961
