trade_id,pattern_type,timeframe,direction,detection_time,entry_time,entry_price,stop_price,target_price,exit_time,exit_price,exit_reason,shares,gross_pnl,costs,net_pnl,r_multiple,mtf_score,confidence
1,Double_Bottom,1h,long,2024-06-13 16:00:00+00:00,2024-06-20 00:00:00+00:00,218.444616,211.54,239.158464,2024-07-22 00:00:00+00:00,221.302816,timeout,297,848.8854000000032,104.5260887616,744.3593112384032,0.36298330091058056,2,0.781289493269342
2,Double_Bottom,1h,long,2024-06-13 16:00:00+00:00,2024-07-03 00:00:00+00:00,218.104344,211.54,237.797376,2024-08-05 00:00:00+00:00,222.12216000000004,timeout,109,437.94194400000424,38.4032587968,399.53868520320424,0.5583943383832468,2,0.781289493269342
3,Double_Bottom,1h,long,2024-06-13 16:00:00+00:00,2024-07-08 00:00:00+00:00,218.52467999999996,211.54,239.47871999999987,2024-08-08 00:00:00+00:00,224.12056000000004,timeout,33,184.66404000000261,11.690571551999998,172.97346844800262,0.7504452968496914,2,0.781289493269342
4,Double_Bottom,1h,long,2024-06-07 19:00:00+00:00,2024-07-11 00:00:00+00:00,223.55870399999998,215.66,247.25481599999992,2024-08-12 00:00:00+00:00,228.68690400000003,timeout,10,51.282000000000494,3.6194296319999992,47.662570368000495,0.603422667414814,3,0.6765666603573409
5,Double_Bottom,1h,long,2024-06-07 19:00:00+00:00,2024-07-15 00:00:00+00:00,224.05910399999996,215.66,249.25641599999986,2024-08-15 00:00:00+00:00,226.958288,timeout,4,11.596736000000192,1.4438371327999997,10.152898867200193,0.3022018440062248,3,0.6765666603573409
6,Double_Bottom,1h,long,2024-06-07 19:00:00+00:00,2024-07-18 00:00:00+00:00,225.93059999999997,215.66,256.74239999999986,2024-08-19 00:00:00+00:00,231.13494400000002,timeout,1,5.204344000000049,0.36580047999999993,4.838543520000049,0.47110621774775197,3,0.6765666603573409
7,Double_Bottom,1h,long,2024-06-07 19:00:00+00:00,2024-07-22 00:00:00+00:00,221.65718399999997,215.66,239.6487359999999,2024-08-22 00:00:00+00:00,229.66612,timeout,231,1850.064216000008,83.43852760319999,1766.625688396808,1.2752202121529148,3,0.6765666603573409
8,Double_Bottom,1h,long,2024-06-13 16:00:00+00:00,2024-07-25 00:00:00+00:00,218.794896,211.54,240.559584,2024-08-26 00:00:00+00:00,232.353968,timeout,45,610.1582400000007,16.248056255999998,593.9101837440006,1.8191858412856654,2,0.781289493269342
9,Inverse_Head_and_Shoulders,1h,long,2024-06-13 16:00:00+00:00,2024-07-29 00:00:00+00:00,220.29609599999998,211.54,246.56438399999993,2024-08-29 00:00:00+00:00,232.89353600000004,timeout,14,176.36416000000088,5.0778122751999994,171.2863477248009,1.3972824330843432,2,0.7959487461982144
10,Double_Bottom,1h,long,2024-06-07 19:00:00+00:00,2024-08-01 00:00:00+00:00,226.34092799999996,215.66,258.38371199999983,2024-09-03 00:00:00+00:00,230.21568000000002,timeout,5,19.37376000000029,1.826963712,17.546796288000287,0.3285631414798479,3,0.6765666603573409
11,Double_Bottom,1h,long,2024-06-07 19:00:00+00:00,2024-08-05 00:00:00+00:00,222.47784,215.66,242.93135999999996,2024-09-05 00:00:00+00:00,232.433904,timeout,80,796.4851200000021,29.126261759999995,767.3588582400021,1.406895105781309,3,0.6765666603573409
12,Double_Bottom,1h,long,2024-06-07 19:00:00+00:00,2024-08-08 00:00:00+00:00,224.47943999999998,215.66,250.93775999999994,2024-09-09 00:00:00+00:00,231.68450400000003,timeout,37,266.58736800000185,13.507943423999999,253.07942457600186,0.7755576825739572,3,0.6765666603573409
13,Double_Bottom,1d,long,2024-06-07 00:00:00+00:00,2024-08-12 00:00:00+00:00,229.05309599999998,210.71,284.08238399999993,2024-09-12 00:00:00+00:00,236.21088000000003,timeout,11,78.73562400000054,4.0959872448,74.63963675520054,0.3699169171441974,3,0.7868585329014944
14,Double_Bottom,1d,long,2024-06-07 00:00:00+00:00,2024-08-15 00:00:00+00:00,227.32171199999996,210.71,277.15684799999985,2024-09-16 00:00:00+00:00,238.648928,timeout,10,113.2721600000005,3.7292936959999996,109.5428663040005,0.6594315282133522,3,0.7868585329014944
15,Double_Bottom,1d,long,2024-06-07 00:00:00+00:00,2024-08-19 00:00:00+00:00,231.50505599999997,210.71,293.8902239999999,2024-09-19 00:00:00+00:00,238.88873600000002,timeout,6,44.30208000000033,2.2588082687999997,42.04327173120033,0.3369652842098655,3,0.7868585329014944
16,Double_Bottom,1d,long,2024-06-07 00:00:00+00:00,2024-08-22 00:00:00+00:00,230.03387999999998,210.71,288.00551999999993,2024-09-23 00:00:00+00:00,242.45588000000004,timeout,62,770.1640000000034,23.445120447999997,746.7188795520034,0.6232626623638767,3,0.7868585329014944
17,Double_Bottom,1d,long,2024-06-07 00:00:00+00:00,2024-08-26 00:00:00+00:00,232.72603199999998,210.71,298.7741279999999,2024-09-26 00:00:00+00:00,246.692488,timeout,52,726.2557120000012,19.952026931199995,706.3036850688012,0.6169487387373003,3,0.7868585329014944
18,Double_Bottom,1d,long,2024-06-07 00:00:00+00:00,2024-08-29 00:00:00+00:00,233.26646399999998,210.71,300.93585599999994,2024-09-30 00:00:00+00:00,243.29520800000003,timeout,43,431.23599200000194,16.400422361599997,414.8355696384019,0.4276973034780653,3,0.7868585329014944
19,Double_Bottom,1d,long,2024-06-07 00:00:00+00:00,2024-09-03 00:00:00+00:00,230.58432,210.71,290.20727999999997,2024-10-04 00:00:00+00:00,244.84396800000002,timeout,40,570.3859200000011,15.219978239999998,555.165941760001,0.6983458324108718,3,0.7868585329014944
20,Double_Bottom,1d,long,2024-06-07 00:00:00+00:00,2024-09-06 00:00:00+00:00,230.83452,210.71,291.20808,2024-10-07 00:00:00+00:00,244.05460000000002,timeout,49,647.7839200000012,18.623313183999997,629.1606068160012,0.638028255282612,3,0.7868585329014944
21,Double_Bottom,1d,long,2024-06-07 00:00:00+00:00,2024-09-09 00:00:00+00:00,232.05549599999998,210.71,296.0919839999999,2024-10-10 00:00:00+00:00,243.07538400000004,timeout,44,484.8750720000029,16.7314574592,468.1436145408029,0.4984483660253236,3,0.7868585329014944
22,Double_Bottom,1d,long,2024-06-07 00:00:00+00:00,2024-09-12 00:00:00+00:00,236.58911999999998,210.71,314.2264799999999,2024-10-14 00:00:00+00:00,244.53421600000001,timeout,30,238.35288000000105,11.551658879999998,226.80122112000106,0.29212897130969073,3,0.7868585329014944
23,Double_Bottom,1d,long,2024-06-07 00:00:00+00:00,2024-09-16 00:00:00+00:00,239.031072,210.71,323.994288,2024-10-17 00:00:00+00:00,248.67090400000004,timeout,24,231.35596800000098,9.367700582399998,221.98826741760098,0.3265946692413354,3,0.7868585329014944
24,Double_Bottom,1d,long,2024-06-07 00:00:00+00:00,2024-09-19 00:00:00+00:00,239.271264,210.71,324.955056,2024-10-21 00:00:00+00:00,251.01902400000003,timeout,21,246.7029600000006,8.2402532352,238.4627067648006,0.39757928741529197,3,0.7868585329014944
25,Double_Bottom,1d,long,2024-06-07 00:00:00+00:00,2024-09-23 00:00:00+00:00,242.84411999999998,210.71,339.2464799999999,2024-10-24 00:00:00+00:00,252.31798400000002,timeout,25,236.84660000000122,9.9072824,226.93931760000123,0.2824901601164139,3,0.7868585329014944
26,Double_Bottom,1d,long,2024-06-07 00:00:00+00:00,2024-09-26 00:00:00+00:00,247.08751199999998,210.71,356.2200479999999,2024-10-28 00:00:00+00:00,253.39712000000003,timeout,27,170.35941600000146,10.814850259199996,159.54456574080146,0.16243711198281124,3,0.7868585329014944
27,Double_Bottom,1d,long,2024-06-07 00:00:00+00:00,2024-09-30 00:00:00+00:00,243.684792,210.71,342.60916799999995,2024-10-31 00:00:00+00:00,253.53700800000004,timeout,32,315.2709120000018,12.734074675199999,302.53683732480175,0.2867122305547844,3,0.7868585329014944
28,Double_Bottom,1d,long,2024-06-07 00:00:00+00:00,2024-10-03 00:00:00+00:00,245.47622399999997,210.71,349.7748959999999,2024-11-04 00:00:00+00:00,252.50783200000004,timeout,26,182.82180800000162,10.362273459199997,172.45953454080163,0.19079032053639386,3,0.7868585329014944
29,Double_Bottom,1d,long,2024-06-07 00:00:00+00:00,2024-10-07 00:00:00+00:00,244.44539999999998,210.71,345.6515999999999,2024-11-07 00:00:00+00:00,249.690088,timeout,36,188.8087680000009,14.236859519999996,174.5719084800009,0.14374276516656181,3,0.7868585329014944
30,Double_Bottom,1d,long,2024-06-07 00:00:00+00:00,2024-10-10 00:00:00+00:00,243.46461599999998,210.71,341.7284639999999,2024-11-11 00:00:00+00:00,242.126144,timeout,39,-52.20040799999873,15.156480019199998,-67.35688801919873,-0.0527284365904326,3,0.7868585329014944
31,Double_Bottom,1d,long,2024-06-07 00:00:00+00:00,2024-10-14 00:00:00+00:00,244.92578399999996,210.71,347.57313599999986,2024-11-14 00:00:00+00:00,236.77043200000003,timeout,36,-293.5926719999977,13.878310579199997,-307.4709825791977,-0.2496175632626143,3,0.7868585329014944
32,Double_Bottom,1d,long,2024-06-07 00:00:00+00:00,2024-10-17 00:00:00+00:00,249.06909599999997,210.71,364.1463839999999,2024-11-18 00:00:00+00:00,241.10696000000004,timeout,31,-246.82621599999783,12.161153580799999,-258.9873695807978,-0.2177953118811751,3,0.7868585329014944
33,Double_Bottom,1d,long,2024-06-07 00:00:00+00:00,2024-10-21 00:00:00+00:00,251.42097599999997,210.71,373.5539039999999,2024-11-21 00:00:00+00:00,246.18289600000003,timeout,28,-146.6662399999983,11.150741862399999,-157.8169818623983,-0.138447203545303,3,0.7868585329014944
34,Double_Bottom,1d,long,2024-06-07 00:00:00+00:00,2024-10-24 00:00:00+00:00,252.722016,210.71,378.758064,2024-11-25 00:00:00+00:00,240.83717600000003,timeout,27,-320.8906799999992,10.6650435456,-331.55572354559916,-0.29229355746222635,3,0.7868585329014944
35,Double_Bottom,1d,long,2024-06-07 00:00:00+00:00,2024-10-28 00:00:00+00:00,253.80287999999996,210.71,383.08151999999984,2024-11-29 00:00:00+00:00,244.76403200000004,timeout,26,-235.01004799999782,10.374267903999998,-245.38431590399782,-0.21901201089367728,3,0.7868585329014944
36,Double_Bottom,1d,long,2024-06-07 00:00:00+00:00,2024-10-31 00:00:00+00:00,253.94299199999998,210.71,383.6419679999999,2024-12-02 00:00:00+00:00,243.714872,timeout,27,-276.15923999999893,10.753624627199997,-286.9128646271989,-0.24579382323573554,3,0.7868585329014944
37,Double_Bottom,1d,long,2024-06-07 00:00:00+00:00,2024-11-04 00:00:00+00:00,252.91216799999998,210.71,379.5186719999999,2024-12-05 00:00:00+00:00,242.90552000000002,timeout,28,-280.18614399999876,11.110672563199998,-291.2968165631988,-0.24651476991418933,3,0.7868585329014944
38,Double_Bottom,1d,long,2024-06-07 00:00:00+00:00,2024-11-07 00:00:00+00:00,250.08991199999997,210.71,368.2296479999999,2024-12-09 00:00:00+00:00,245.26363200000003,timeout,31,-149.61467999999815,12.2896378176,-161.90431781759816,-0.13262396141464067,3,0.7868585329014944
39,Double_Bottom,1d,long,2024-06-07 00:00:00+00:00,2024-11-11 00:00:00+00:00,242.51385599999998,210.71,337.9254239999999,2024-12-12 00:00:00+00:00,247.12214400000002,timeout,39,179.72323200000173,15.282816307199997,164.44041569280174,0.1325757768240445,3,0.7868585329014944
40,Double_Bottom,1d,long,2024-06-07 00:00:00+00:00,2024-11-14 00:00:00+00:00,237.149568,210.71,316.46827199999996,2024-12-16 00:00:00+00:00,244.624144,timeout,46,343.8304960000006,17.736480102399995,326.0940158976006,0.26812088403259915,3,0.7868585329014944
41,Double_Bottom,1d,long,2024-06-07 00:00:00+00:00,2024-11-18 00:00:00+00:00,241.49303999999998,210.71,333.8421599999999,2024-12-19 00:00:00+00:00,239.10856000000004,timeout,37,-88.22575999999776,14.231473983999997,-102.45723398399775,-0.08995584685592917,3,0.7868585329014944
42,Double_Bottom,1d,long,2024-06-07 00:00:00+00:00,2024-11-21 00:00:00+00:00,246.57710399999996,210.71,354.17841599999986,2024-12-23 00:00:00+00:00,241.03701600000002,timeout,31,-171.74272799999815,12.0976161792,-183.84034417919815,-0.16534185986133554,3,0.7868585329014944
43,Double_Bottom,1d,long,2024-06-07 00:00:00+00:00,2024-11-25 00:00:00+00:00,241.22282399999997,210.71,332.7612959999999,2024-12-26 00:00:00+00:00,242.79560800000004,timeout,35,55.04744000000244,13.557959072,41.489480928002436,0.038849689586256286,3,0.7868585329014944
44,Double_Bottom,1d,long,2024-06-07 00:00:00+00:00,2024-11-29 00:00:00+00:00,245.15596799999997,210.71,348.4938719999999,2024-12-30 00:00:00+00:00,240.35756000000003,timeout,30,-143.95223999999814,11.656943231999998,-155.60918323199814,-0.15058287153956434,3,0.7868585329014944
45,Double_Bottom,1d,long,2024-06-07 00:00:00+00:00,2024-12-02 00:00:00+00:00,244.10512799999998,210.71,344.2905119999999,2025-01-02 00:00:00+00:00,245.16371200000003,timeout,30,31.75752000000159,11.747163072,20.010356928001592,0.019973329570710244,3,0.7868585329014944
46,Double_Bottom,1d,long,2024-06-07 00:00:00+00:00,2024-12-05 00:00:00+00:00,243.29447999999996,210.71,341.04791999999986,2025-01-06 00:00:00+00:00,243.00544000000002,timeout,30,-8.671199999998294,11.675867519999997,-20.34706751999829,-0.02081468183625898,3,0.7868585329014944
47,Double_Bottom,1d,long,2024-06-07 00:00:00+00:00,2024-12-09 00:00:00+00:00,245.656368,210.71,350.49547199999995,2025-01-10 00:00:00+00:00,248.53101600000002,timeout,28,80.49014400000101,11.0742546432,69.41588935680102,0.07094124647230973,3,0.7868585329014944
48,Double_Bottom,1d,long,2024-06-07 00:00:00+00:00,2024-12-12 00:00:00+00:00,247.51785599999997,210.71,357.94142399999987,2025-01-13 00:00:00+00:00,246.04300800000004,timeout,28,-41.29574399999785,11.0601759744,-52.35591997439785,-0.05080041295531925,3,0.7868585329014944
49,Double_Bottom,1d,long,2024-06-07 00:00:00+00:00,2024-12-16 00:00:00+00:00,245.01585599999999,210.71,347.93342399999995,2025-01-16 00:00:00+00:00,250.309592,timeout,33,174.6932880000008,13.081882598399998,161.6114054016008,0.14275449984982236,3,0.7868585329014944
50,Double_Bottom,1d,long,2024-06-07 00:00:00+00:00,2024-12-19 00:00:00+00:00,239.49143999999998,210.71,325.83575999999994,2025-01-21 00:00:00+00:00,252.967464,timeout,40,539.040960000001,15.765166079999997,523.275793920001,0.45452537635365137,3,0.7868585329014944
51,Double_Bottom,1d,long,2024-06-07 00:00:00+00:00,2024-12-23 00:00:00+00:00,241.42298399999996,210.71,333.56193599999983,2025-01-23 00:00:00+00:00,253.85675200000003,timeout,36,447.6156480000026,14.269909939199998,433.3457380608026,0.39193136078213997,3,0.7868585329014944
52,Double_Bottom,1d,long,2024-06-07 00:00:00+00:00,2024-12-26 00:00:00+00:00,243.18439199999997,210.71,340.6075679999999,2025-01-27 00:00:00+00:00,252.79760000000002,timeout,34,326.84907200000146,13.496215462399999,313.35285653760144,0.2838008633510383,3,0.7868585329014944
53,Double_Bottom,1d,long,2024-06-07 00:00:00+00:00,2024-12-30 00:00:00+00:00,240.74244,210.71,330.83975999999996,2025-01-30 00:00:00+00:00,257.883528,timeout,36,617.0791680000009,14.366374271999998,602.7127937280009,0.5574645965495989,3,0.7868585329014944
54,Double_Bottom,1d,long,2024-06-07 00:00:00+00:00,2025-01-02 00:00:00+00:00,245.556288,210.71,350.095152,2025-02-03 00:00:00+00:00,259.472256,timeout,30,417.4790400000006,12.125670912,405.35336908800065,0.3877537535590599,3,0.7868585329014944
55,Double_Bottom,1d,long,2024-06-07 00:00:00+00:00,2025-01-06 00:00:00+00:00,243.39455999999996,210.71,341.4482399999998,2025-02-06 00:00:00+00:00,263.349152,timeout,32,638.5469440000015,12.978036735999996,625.5689072640015,0.5981120245155535,3,0.7868585329014944
56,Double_Bottom,1d,long,2024-06-07 00:00:00+00:00,2025-01-10 00:00:00+00:00,248.92898399999996,210.71,363.58593599999983,2025-02-10 00:00:00+00:00,269.0346,timeout,27,542.8516320000015,11.192666054399998,531.6589659456015,0.5152170662830828,3,0.7868585329014944
57,Double_Bottom,1d,long,2024-06-07 00:00:00+00:00,2025-01-13 00:00:00+00:00,246.43699199999998,210.71,353.6179679999999,2025-02-13 00:00:00+00:00,270.303584,timeout,29,692.1311680000008,11.993402214399998,680.1377657856008,0.6564511898006988,3,0.7868585329014944
58,Double_Bottom,1d,long,2024-06-07 00:00:00+00:00,2025-01-16 00:00:00+00:00,250.71040799999997,210.71,370.7116319999999,2025-02-18 00:00:00+00:00,270.50342400000005,timeout,26,514.6184160000021,10.845752486399999,503.7726635136021,0.48439185104312177,3,0.7868585329014944
59,Double_Bottom,1d,long,2024-06-07 00:00:00+00:00,2025-01-21 00:00:00+00:00,253.37253599999997,210.71,381.3601439999999,2025-02-21 00:00:00+00:00,270.563376,timeout,27,464.152680000001,11.321694777599998,452.830985222401,0.393120511429514,3,0.7868585329014944
60,Double_Bottom,1d,long,2024-06-07 00:00:00+00:00,2025-01-24 00:00:00+00:00,256.10472,210.71,392.28887999999995,2025-02-24 00:00:00+00:00,271.902304,timeout,26,410.73718400000075,10.987074175999998,399.75010982400073,0.3386958708854253,3,0.7868585329014944
61,Double_Bottom,1d,long,2024-06-07 00:00:00+00:00,2025-01-27 00:00:00+00:00,253.20239999999998,210.71,380.67959999999994,2025-02-27 00:00:00+00:00,264.788,timeout,29,335.9824000000008,12.02229568,323.96010432000077,0.26289496662932743,3,0.7868585329014944
62,Double_Bottom,1d,long,2024-06-07 00:00:00+00:00,2025-01-30 00:00:00+00:00,258.29647199999994,210.71,401.05588799999975,2025-03-03 00:00:00+00:00,266.38672,timeout,27,218.43669600000237,11.337763795199997,207.09893220480237,0.16118721350891696,3,0.7868585329014944
63,Double_Bottom,1d,long,2024-06-07 00:00:00+00:00,2025-02-03 00:00:00+00:00,259.887744,210.71,407.420976,2025-03-06 00:00:00+00:00,268.105344,timeout,27,221.87520000000012,11.409287270399998,210.46591272960012,0.1585073484623452,3,0.7868585329014944
64,Double_Bottom,1d,long,2024-06-07 00:00:00+00:00,2025-02-06 00:00:00+00:00,263.770848,210.71,422.953392,2025-03-10 00:00:00+00:00,265.88712000000004,timeout,25,52.90680000000094,10.59741696,42.30938304000094,0.03189499198354383,3,0.7868585329014944
65,Double_Bottom,1d,long,2024-06-07 00:00:00+00:00,2025-02-10 00:00:00+00:00,269.4654,210.71,445.73159999999996,2025-03-13 00:00:00+00:00,275.22964,timeout,23,132.57752000000067,10.026443359999998,122.55107664000067,0.09068626339025913,3,0.7868585329014944
66,Double_Bottom,1d,long,2024-06-07 00:00:00+00:00,2025-02-13 00:00:00+00:00,270.73641599999996,210.71,450.81566399999986,2025-03-17 00:00:00+00:00,276.458656,timeout,24,137.33376000000135,10.510395187199999,126.82336481280134,0.08803302311435786,3,0.7868585329014944
67,Double_Bottom,1d,long,2024-06-07 00:00:00+00:00,2025-02-18 00:00:00+00:00,270.936576,210.71,451.616304,2025-03-21 00:00:00+00:00,278.32716000000005,timeout,24,177.37401600000112,10.5501422592,166.82387374080113,0.11541407798444407,3,0.7868585329014944
68,Double_Bottom,1d,long,2024-06-07 00:00:00+00:00,2025-02-21 00:00:00+00:00,270.99662399999994,210.71,451.85649599999977,2025-03-24 00:00:00+00:00,277.278,timeout,24,150.75302400000191,10.531135180799998,140.22188881920192,0.09691335014546654,3,0.7868585329014944
69,Double_Bottom,1d,long,2024-06-07 00:00:00+00:00,2025-02-24 00:00:00+00:00,272.337696,210.71,457.220784,2025-03-27 00:00:00+00:00,281.56456800000007,timeout,24,221.4449280000017,10.639251763199999,210.8056762368017,0.14252633821001637,3,0.7868585329014944
70,Double_Bottom,1d,long,2024-06-07 00:00:00+00:00,2025-02-27 00:00:00+00:00,265.212,210.71,428.71799999999996,2025-03-31 00:00:00+00:00,287.549776,timeout,28,625.4577280000005,12.387020799999998,613.0707072000006,0.4017353931965804,3,0.7868585329014944
71,Double_Bottom,1d,long,2024-06-07 00:00:00+00:00,2025-03-03 00:00:00+00:00,266.81328,210.71,435.1231200000001,2025-04-03 00:00:00+00:00,286.87032000000005,timeout,27,541.5400800000008,11.964526848,529.5755531520008,0.34960361276559987,3,0.7868585329014944
72,Double_Bottom,1d,long,2024-06-07 00:00:00+00:00,2025-03-06 00:00:00+00:00,268.534656,210.71,442.00862399999994,2025-04-07 00:00:00+00:00,274.58016000000003,timeout,26,157.18310400000132,11.3013608448,145.88174315520132,0.09703190063422172,3,0.7868585329014944
73,Double_Bottom,1d,long,2024-06-07 00:00:00+00:00,2025-03-10 00:00:00+00:00,266.31288,210.71,433.12152000000003,2025-04-10 00:00:00+00:00,293.76480000000004,timeout,27,741.2018400000009,12.102758208,729.0990817920009,0.4856523564247038,3,0.7868585329014944
74,Double_Bottom,1d,long,2024-06-07 00:00:00+00:00,2025-03-13 00:00:00+00:00,275.67035999999996,210.71,470.55143999999984,2025-04-14 00:00:00+00:00,295.99301600000007,timeout,23,467.4210880000025,10.522966623999999,456.8981213760025,0.30580396586472314,3,0.7868585329014944
75,Double_Bottom,1d,long,2024-06-07 00:00:00+00:00,2025-03-17 00:00:00+00:00,276.901344,210.71,475.475376,2025-04-17 00:00:00+00:00,305.965032,timeout,23,668.4648240000004,10.729248729599998,657.7355752704003,0.4320383481683046,3,0.7868585329014944
76,Double_Bottom,1d,long,2024-06-07 00:00:00+00:00,2025-03-20 00:00:00+00:00,281.10470399999997,210.71,492.2888159999999,2025-04-21 00:00:00+00:00,316.44664,timeout,19,671.4967840000006,9.0866315008,662.4101524992006,0.49526015816189883,3,0.7868585329014944
77,Double_Bottom,1d,long,2024-06-07 00:00:00+00:00,2025-03-24 00:00:00+00:00,277.722,210.71,478.7579999999999,2025-04-24 00:00:00+00:00,308.55296000000004,timeout,23,709.1120800000015,10.792004799999999,698.3200752000015,0.4530791858174667,3,0.7868585329014944
78,Double_Bottom,1d,long,2024-06-07 00:00:00+00:00,2025-03-27 00:00:00+00:00,282.015432,210.71,495.9317279999999,2025-04-28 00:00:00+00:00,307.47382400000004,timeout,22,560.0846240000013,10.379343603199999,549.7052803968013,0.3504165524780787,3,0.7868585329014944
79,Double_Bottom,1d,long,2024-06-07 00:00:00+00:00,2025-03-31 00:00:00+00:00,288.01022399999994,210.71,519.9108959999998,2025-05-01 00:00:00+00:00,298.221232,timeout,21,214.43116800000104,9.852699763199999,204.57846823680103,0.12602591967650775,3,0.7868585329014944
80,Double_Bottom,1d,long,2024-06-07 00:00:00+00:00,2025-04-03 00:00:00+00:00,287.32968,210.71,517.18872,2025-05-05 00:00:00+00:00,307.05416,timeout,21,414.2140800000006,9.989778624,404.2243013760006,0.2512249627771877,3,0.7868585329014944
81,Double_Bottom,1d,long,2024-06-07 00:00:00+00:00,2025-04-07 00:00:00+00:00,275.01984,210.71,467.94935999999996,2025-05-08 00:00:00+00:00,305.40548,timeout,26,790.0266400000006,12.077932672,777.9487073280006,0.4652647888410239,3,0.7868585329014944
82,Double_Bottom,1d,long,2024-06-07 00:00:00+00:00,2025-04-10 00:00:00+00:00,294.23519999999996,210.71,544.8107999999999,2025-05-12 00:00:00+00:00,298.141296,timeout,20,78.12192000000096,9.4818432,68.64007680000095,0.04108944174931697,3,0.7868585329014944
83,Double_Bottom,1d,long,2024-06-07 00:00:00+00:00,2025-04-14 00:00:00+00:00,296.46698399999997,210.71,553.7379359999998,2025-05-15 00:00:00+00:00,298.351128,timeout,20,37.68288000000098,9.520911743999998,28.161968256000982,0.01641963542934357,3,0.7868585329014944
84,Double_Bottom,1d,long,2024-06-07 00:00:00+00:00,2025-04-17 00:00:00+00:00,306.45496799999995,210.71,593.6898719999997,2025-05-19 00:00:00+00:00,296.46264,timeout,18,-179.86190399999873,8.685431539199998,-188.54733553919874,-0.10940368139660286,3,0.7868585329014944
85,Double_Bottom,1d,long,2024-06-07 00:00:00+00:00,2025-04-21 00:00:00+00:00,316.95336,210.71,635.6834399999999,2025-05-22 00:00:00+00:00,303.74680800000004,timeout,17,-224.51138399999883,8.444829696,-232.95621369599883,-0.1289803587537135,3,0.7868585329014944
86,Double_Bottom,1d,long,2024-06-07 00:00:00+00:00,2025-04-24 00:00:00+00:00,309.04704,210.71,604.0581599999998,2025-05-27 00:00:00+00:00,304.746008,timeout,18,-77.41857599999935,8.842133376,-86.26070937599934,-0.04873302706691156,3,0.7868585329014944
87,Double_Bottom,1d,long,2024-06-07 00:00:00+00:00,2025-04-28 00:00:00+00:00,307.966176,210.71,599.7347040000001,2025-05-29 00:00:00+00:00,305.2556,timeout,19,-51.50094400000006,9.3246858752,-60.825629875200065,-0.0329166647555627,3,0.7868585329014944
88,Double_Bottom,1d,long,2024-06-07 00:00:00+00:00,2025-05-01 00:00:00+00:00,298.698768,210.71,562.6650719999999,2025-06-02 00:00:00+00:00,311.90028,timeout,21,277.23175200000077,10.262259302399999,266.96949269760074,0.14448245241483595,3,0.7868585329014944
89,Double_Bottom,1d,long,2024-06-07 00:00:00+00:00,2025-05-05 00:00:00+00:00,307.54584,210.71,598.05336,2025-06-05 00:00:00+00:00,309.55216,timeout,19,38.120080000000314,9.383656767999998,28.736423232000316,0.01561863177930833,3,0.7868585329014944
90,Double_Bottom,1d,long,2024-06-07 00:00:00+00:00,2025-05-08 00:00:00+00:00,305.89451999999994,210.71,591.4480799999998,2025-06-09 00:00:00+00:00,306.29476800000003,timeout,20,8.004960000001802,9.798952319999998,-1.7939923199981962,-0.0009423760922459858,3,0.7868585329014944
91,Double_Bottom,1d,long,2024-06-07 00:00:00+00:00,2025-05-12 00:00:00+00:00,298.618704,210.71,562.3448159999999,2025-06-12 00:00:00+00:00,312.69964,timeout,22,309.7805920000002,10.763609190399999,299.01698280960017,0.1546113230926486,3,0.7868585329014944
92,Double_Bottom,1d,long,2024-06-07 00:00:00+00:00,2025-05-15 00:00:00+00:00,298.82887199999993,210.71,563.1854879999997,2025-06-16 00:00:00+00:00,313.209232,timeout,22,316.36792000000116,10.776284147199998,305.5916358528012,0.15763398449312951,3,0.7868585329014944
93,Double_Bottom,1d,long,2024-06-07 00:00:00+00:00,2025-05-19 00:00:00+00:00,296.93735999999996,210.71,555.6194399999997,2025-06-20 00:00:00+00:00,309.752,timeout,22,281.9220800000012,10.682097535999997,271.2399824640012,0.14298350444684912,3,0.7868585329014944
94,Double_Bottom,1d,long,2024-06-07 00:00:00+00:00,2025-05-22 00:00:00+00:00,304.233192,210.71,584.8027679999998,2025-06-23 00:00:00+00:00,307.90348,timeout,20,73.40576000000056,9.798131071999999,63.60762892800056,0.03400633980072054,3,0.7868585329014944
95,Double_Bottom,1d,long,2024-06-07 00:00:00+00:00,2025-05-27 00:00:00+00:00,305.233992,210.71,588.8059679999999,2025-06-27 00:00:00+00:00,301.49860800000005,timeout,20,-74.70767999999907,9.711583871999999,-84.41926387199908,-0.0446549400241153,3,0.7868585329014944
96,Double_Bottom,1d,long,2024-06-07 00:00:00+00:00,2025-05-30 00:00:00+00:00,303.76281599999993,210.71,582.9212639999997,2025-06-30 00:00:00+00:00,304.835936,timeout,20,21.46240000000148,9.741485055999998,11.720914944001482,0.00629799045737718,3,0.7868585329014944
97,Double_Bottom,1d,long,2024-06-07 00:00:00+00:00,2025-06-02 00:00:00+00:00,312.39971999999995,210.71,617.4688799999997,2025-07-03 00:00:00+00:00,306.184856,timeout,18,-111.86755199999857,8.911147967999998,-120.77869996799856,-0.06598432738333751,3,0.7868585329014944
98,Double_Bottom,1d,long,2024-06-07 00:00:00+00:00,2025-06-05 00:00:00+00:00,310.04784,210.71,608.0613599999999,2025-07-07 00:00:00+00:00,306.95424,timeout,19,-58.778399999999635,9.382167167999999,-68.16056716799963,-0.03611310928443764,3,0.7868585329014944
99,Double_Bottom,1d,long,2024-06-07 00:00:00+00:00,2025-06-09 00:00:00+00:00,306.785232,210.71,595.0109279999999,2025-07-10 00:00:00+00:00,306.00500000000005,timeout,19,-14.824407999999153,9.318135526399999,-24.14254352639915,-0.013225679076163515,3,0.7868585329014944
100,Double_Bottom,1d,long,2024-06-07 00:00:00+00:00,2025-06-12 00:00:00+00:00,313.20036,210.71,620.6714399999998,2025-07-14 00:00:00+00:00,307.90348,timeout,18,-95.34383999999977,8.947445184,-104.29128518399978,-0.05653175857709924,3,0.7868585329014944
101,Double_Bottom,1d,long,2024-06-07 00:00:00+00:00,2025-06-16 00:00:00+00:00,313.710768,210.71,622.7130719999998,2025-07-17 00:00:00+00:00,307.254,timeout,19,-122.67859199999913,9.442403673599998,-132.1209956735991,-0.06751150257831044,3,0.7868585329014944
102,Double_Bottom,1d,long,2024-06-07 00:00:00+00:00,2025-06-20 00:00:00+00:00,310.248,210.71,608.8619999999999,2025-07-21 00:00:00+00:00,312.74960000000004,timeout,20,50.03200000000106,9.971967999999999,40.060032000001065,0.020122984186944217,3,0.7868585329014944
103,Double_Bottom,1d,long,2024-06-07 00:00:00+00:00,2025-06-23 00:00:00+00:00,308.39651999999995,210.71,601.4560799999997,2025-07-24 00:00:00+00:00,310.121704,timeout,20,34.503680000001395,9.900264319999998,24.603415680001397,0.012593045427353441,3,0.7868585329014944
104,Double_Bottom,1d,long,2024-06-07 00:00:00+00:00,2025-06-26 00:00:00+00:00,305.94455999999997,210.71,591.6482399999998,2025-07-28 00:00:00+00:00,304.85592,timeout,19,-20.684159999998883,9.287877311999999,-29.972037311998882,-0.016564109163731546,3,0.7868585329014944
105,Double_Bottom,1d,long,2024-06-07 00:00:00+00:00,2025-06-30 00:00:00+00:00,305.32406399999996,210.71,589.1662559999997,2025-07-31 00:00:00+00:00,302.577744,timeout,21,-57.672719999999345,10.2168202752,-67.88954027519935,-0.034168654368339685,3,0.7868585329014944
106,Double_Bottom,1d,long,2024-06-07 00:00:00+00:00,2025-07-03 00:00:00+00:00,306.675144,210.71,594.5705759999998,2025-08-04 00:00:00+00:00,310.631296,timeout,20,79.12304000000063,9.880882304,69.24215769600063,0.036076722656718276,3,0.7868585329014944
107,Double_Bottom,1d,long,2024-06-07 00:00:00+00:00,2025-07-07 00:00:00+00:00,307.44575999999995,210.71,597.6530399999998,2025-08-07 00:00:00+00:00,312.879496,timeout,20,108.67472000000134,9.929212159999999,98.74550784000135,0.0510387822662485,3,0.7868585329014944
108,Double_Bottom,1d,long,2024-06-07 00:00:00+00:00,2025-07-10 00:00:00+00:00,306.49499999999995,210.71,593.8499999999997,2025-08-11 00:00:00+00:00,308.18325600000003,timeout,20,33.765120000001616,9.838799999999999,23.926320000001617,0.012489596492144714,3,0.7868585329014944
109,Double_Bottom,1d,long,2024-06-07 00:00:00+00:00,2025-07-14 00:00:00+00:00,308.39651999999995,210.71,601.4560799999997,2025-08-14 00:00:00+00:00,306.80436000000003,timeout,19,-30.25103999999851,9.354787103999998,-39.60582710399851,-0.021338842001945843,3,0.7868585329014944
110,Double_Bottom,1d,long,2024-06-07 00:00:00+00:00,2025-07-17 00:00:00+00:00,307.746,210.71,598.8539999999999,2025-08-18 00:00:00+00:00,306.45464000000004,timeout,20,-25.82719999999881,9.831135999999999,-35.65833599999881,-0.018373766437197958,3,0.7868585329014944
111,Double_Bottom,1d,long,2024-06-07 00:00:00+00:00,2025-07-21 00:00:00+00:00,313.25039999999996,210.71,620.8715999999997,2025-08-21 00:00:00+00:00,306.91427200000004,timeout,18,-114.0503039999985,8.933909759999999,-122.98421375999851,-0.06663184774001193,3,0.7868585329014944
112,Double_Bottom,1d,long,2024-06-07 00:00:00+00:00,2025-07-24 00:00:00+00:00,310.618296,210.71,610.343184,2025-08-25 00:00:00+00:00,308.642888,timeout,19,-37.53275199999922,9.416526099199999,-46.94927809919922,-0.02473282736000181,3,0.7868585329014944
113,Double_Bottom,1d,long,2024-06-07 00:00:00+00:00,2025-07-28 00:00:00+00:00,305.34408,210.71,589.24632,2025-08-28 00:00:00+00:00,314.14848,timeout,20,176.08799999999974,9.91590528,166.17209471999973,0.08779717344956474,3,0.7868585329014944
114,Double_Bottom,1d,long,2024-06-07 00:00:00+00:00,2025-07-31 00:00:00+00:00,303.062256,210.71,580.1190239999999,2025-09-02 00:00:00+00:00,324.799952,timeout,21,456.4916160000006,10.5524539008,445.9391620992006,0.22993697300908417,3,0.7868585329014944
115,Double_Bottom,1d,long,2024-06-07 00:00:00+00:00,2025-08-04 00:00:00+00:00,311.12870399999997,210.71,612.3848159999999,2025-09-04 00:00:00+00:00,326.86829600000004,timeout,19,299.0522480000014,9.7015323008,289.3507156992014,0.1516548653804582,3,0.7868585329014944
116,Double_Bottom,1d,long,2024-06-07 00:00:00+00:00,2025-08-07 00:00:00+00:00,313.380504,210.71,621.3920159999999,2025-09-08 00:00:00+00:00,334.362296,timeout,19,398.6540480000008,9.8497596608,388.8042883392008,0.1993112218169305,3,0.7868585329014944
117,Double_Bottom,1d,long,2024-06-07 00:00:00+00:00,2025-08-11 00:00:00+00:00,308.676744,210.71,602.576976,2025-09-11 00:00:00+00:00,334.052544,timeout,20,507.51600000000053,10.287947904,497.2280520960005,0.25377389907742604,3,0.7868585329014944
118,Double_Bottom,1d,long,2024-06-07 00:00:00+00:00,2025-08-14 00:00:00+00:00,307.29564,210.71,597.0525599999999,2025-09-15 00:00:00+00:00,338.32912000000005,timeout,20,620.6696000000011,10.33433024,610.3352697600011,0.31595549284552094,3,0.7868585329014944
119,Double_Bottom,1d,long,2024-06-07 00:00:00+00:00,2025-08-18 00:00:00+00:00,306.94535999999994,210.71,595.6514399999998,2025-09-18 00:00:00+00:00,334.79195200000004,timeout,20,556.931840000002,10.272085759999998,546.659754240002,0.28402229400918877,3,0.7868585329014944
120,Double_Bottom,1d,long,2024-06-07 00:00:00+00:00,2025-08-21 00:00:00+00:00,307.405728,210.71,597.4929119999999,2025-09-22 00:00:00+00:00,344.604096,timeout,20,743.9673600000003,10.436571648,733.5307883520003,0.3792984465415061,3,0.7868585329014944
121,Double_Bottom,1d,long,2024-06-07 00:00:00+00:00,2025-08-25 00:00:00+00:00,309.13711199999995,210.71,604.4184479999997,2025-09-25 00:00:00+00:00,344.36428800000004,timeout,19,669.3163440000019,9.9374121024,659.3789318976019,0.35258734717727086,3,0.7868585329014944
122,Double_Bottom,1d,long,2024-06-07 00:00:00+00:00,2025-08-28 00:00:00+00:00,314.65151999999995,210.71,626.4760799999997,2025-09-29 00:00:00+00:00,352.33790400000004,timeout,18,678.3549120000016,9.608709887999998,668.7462021120016,0.35743720876893187,3,0.7868585329014944
123,Double_Bottom,1d,long,2024-06-07 00:00:00+00:00,2025-09-02 00:00:00+00:00,325.320048,210.71,669.1501919999998,2025-10-03 00:00:00+00:00,357.493776,timeout,17,546.9533760000006,9.290160652799997,537.6632153472007,0.275955280653927,3,0.7868585329014944
124,Double_Bottom,1d,long,2024-06-07 00:00:00+00:00,2025-09-05 00:00:00+00:00,330.994584,210.71,691.8483359999998,2025-10-06 00:00:00+00:00,365.037736,timeout,16,544.6904320000003,8.912954675199998,535.7774773248003,0.27839055695449744,3,0.7868585329014944
125,Double_Bottom,1d,long,2024-06-07 00:00:00+00:00,2025-09-08 00:00:00+00:00,334.897704,210.71,707.4608159999999,2025-10-09 00:00:00+00:00,366.93621600000006,timeout,16,512.6161920000013,8.987234611199998,503.6289573888013,0.2534615652190501,3,0.7868585329014944
126,Double_Bottom,1d,long,2024-06-07 00:00:00+00:00,2025-09-11 00:00:00+00:00,334.587456,210.71,706.2198239999999,2025-10-13 00:00:00+00:00,379.62605600000006,timeout,16,720.6176000000014,9.145823436799999,711.4717765632014,0.35895947068205936,3,0.7868585329014944
127,Double_Bottom,1d,long,2024-06-07 00:00:00+00:00,2025-09-15 00:00:00+00:00,338.87088,210.71,723.3535199999999,2025-10-16 00:00:00+00:00,401.37864,timeout,16,1000.1241600000003,9.479307264,990.6448527360003,0.483106103016771,3,0.7868585329014944
128,Double_Bottom,1d,long,2024-06-07 00:00:00+00:00,2025-09-18 00:00:00+00:00,335.32804799999997,210.71,709.1821919999999,2025-10-20 00:00:00+00:00,400.93899200000004,timeout,17,1115.3860480000012,10.017597452799999,1105.3684505472013,0.5217677102565441,3,0.7868585329014944
129,Double_Bottom,1d,long,2024-06-07 00:00:00+00:00,2025-09-22 00:00:00+00:00,345.15590399999996,210.71,748.4936159999999,2025-10-23 00:00:00+00:00,378.89664000000005,timeout,16,539.8517760000013,9.271755571199998,530.5800204288014,0.2466512574217218,3,0.7868585329014944
130,Double_Bottom,1d,long,2024-06-07 00:00:00+00:00,2025-09-25 00:00:00+00:00,344.9157119999999,210.71,747.5328479999996,2025-10-27 00:00:00+00:00,367.57570400000003,timeout,16,362.55987200000163,9.123657113599998,353.4362148864016,0.164596298482438,3,0.7868585329014944
131,Double_Bottom,1d,long,2024-06-07 00:00:00+00:00,2025-09-29 00:00:00+00:00,352.902096,210.71,779.4783839999998,2025-10-30 00:00:00+00:00,370.80312000000004,timeout,15,268.51536000000095,8.688025151999998,259.82733484800093,0.12181986770347675,3,0.7868585329014944
132,Double_Bottom,1d,long,2024-06-07 00:00:00+00:00,2025-10-02 00:00:00+00:00,355.704336,210.71,790.687344,2025-11-03 00:00:00+00:00,367.43581600000005,timeout,14,164.24072000000047,8.1024645632,156.13825543680048,0.07691840135879538,3,0.7868585329014944
133,Double_Bottom,1d,long,2024-06-07 00:00:00+00:00,2025-10-06 00:00:00+00:00,365.622264,210.71,830.3590559999999,2025-11-06 00:00:00+00:00,366.486576,timeout,14,12.100368000000572,8.202905356799999,3.897462643200573,0.001797082952709548,3,0.7868585329014944
134,Double_Bottom,1d,long,2024-06-07 00:00:00+00:00,2025-10-09 00:00:00+00:00,367.523784,210.71,837.9651359999999,2025-11-10 00:00:00+00:00,378.59688,timeout,14,155.0233440000003,8.359946380799999,146.66339761920028,0.0668050773699844,3,0.7868585329014944
135,Double_Bottom,1d,long,2024-06-07 00:00:00+00:00,2025-10-13 00:00:00+00:00,380.23394399999995,210.71,888.8057759999998,2025-11-13 00:00:00+00:00,384.59208,timeout,13,56.65576800000076,7.957393017599999,48.698374982400765,0.02209734363424237,3,0.7868585329014944
136,Double_Bottom,1d,long,2024-06-07 00:00:00+00:00,2025-10-16 00:00:00+00:00,402.02135999999996,210.71,975.9554399999998,2025-11-17 00:00:00+00:00,370.51335200000005,timeout,12,-378.09609599999885,7.419181055999999,-385.51527705599887,-0.1679266358673103,3,0.7868585329014944
137,Double_Bottom,1d,long,2024-06-07 00:00:00+00:00,2025-10-20 00:00:00+00:00,401.58100799999994,210.71,974.1940319999997,2025-11-20 00:00:00+00:00,374.89984000000004,timeout,12,-320.1740159999988,7.457097676799998,-327.6311136767988,-0.1430421156805538,3,0.7868585329014944
138,Double_Bottom,1d,long,2024-06-07 00:00:00+00:00,2025-10-23 00:00:00+00:00,379.50335999999993,210.71,885.8834399999997,2025-11-24 00:00:00+00:00,380.815104,timeout,14,18.364416000001256,8.518981632,9.845434368001257,0.004166309101259019,3,0.7868585329014944
139,Double_Bottom,1d,long,2024-06-07 00:00:00+00:00,2025-10-27 00:00:00+00:00,368.164296,210.71,840.5271839999998,2025-11-28 00:00:00+00:00,388.698792,timeout,16,328.55193600000075,9.6918309888,318.86010501120074,0.12656851587714094,3,0.7868585329014944
140,Double_Bottom,1d,long,2024-06-07 00:00:00+00:00,2025-10-30 00:00:00+00:00,371.39688,210.71,853.45752,2025-12-01 00:00:00+00:00,388.319096,timeout,15,253.83323999999988,9.120322559999998,244.71291743999987,0.10152785651199396,3,0.7868585329014944
141,Double_Bottom,1d,long,2024-06-07 00:00:00+00:00,2025-11-03 00:00:00+00:00,368.024184,210.71,839.966736,2025-12-04 00:00:00+00:00,386.380648,timeout,16,293.70342400000027,9.660341555199999,284.0430824448003,0.11284864594790779,3,0.7868585329014944
142,Double_Bottom,1d,long,2024-06-07 00:00:00+00:00,2025-11-06 00:00:00+00:00,367.07342399999993,210.71,836.1636959999997,2025-12-08 00:00:00+00:00,385.39144000000005,timeout,16,293.0882560000018,9.635499827199997,283.4527561728018,0.11329885728775113,3,0.7868585329014944
143,Double_Bottom,1d,long,2024-06-07 00:00:00+00:00,2025-11-10 00:00:00+00:00,379.20311999999996,210.71,884.6824799999997,2025-12-11 00:00:00+00:00,392.80550400000004,timeout,14,190.4333760000012,8.650018944,181.7833570560012,0.07706264507417329,3,0.7868585329014944
144,Double_Bottom,1d,long,2024-06-07 00:00:00+00:00,2025-11-13 00:00:00+00:00,385.20791999999994,210.71,908.7016799999998,2025-12-15 00:00:00+00:00,395.463376,timeout,14,143.57638400000053,8.747064704,134.82931929600053,0.05519071897246708,3,0.7868585329014944
145,Double_Bottom,1d,long,2024-06-07 00:00:00+00:00,2025-11-17 00:00:00+00:00,371.10664799999995,210.71,852.2965919999998,2025-12-18 00:00:00+00:00,398.33108,timeout,15,408.36648000000054,9.237079775999998,399.12940022400056,0.16589266055983942,3,0.7868585329014944
146,Double_Bottom,1d,long,2024-06-07 00:00:00+00:00,2025-11-20 00:00:00+00:00,375.50015999999994,210.71,869.8706399999998,2025-12-22 00:00:00+00:00,409.66200800000007,timeout,14,478.2658720000019,8.797489791999999,469.46838220800186,0.20349185820318488,3,0.7868585329014944
147,Double_Bottom,1d,long,2024-06-07 00:00:00+00:00,2025-11-24 00:00:00+00:00,381.424896,210.71,893.569584,2025-12-26 00:00:00+00:00,416.58646400000003,timeout,14,492.26195200000063,8.9414628352,483.3204891648006,0.20222542315932435,3,0.7868585329014944
148,Double_Bottom,1d,long,2024-06-07 00:00:00+00:00,2025-11-28 00:00:00+00:00,389.32120799999996,210.71,925.1548319999998,2025-12-29 00:00:00+00:00,399.270328,timeout,13,129.33856000000065,8.2046765632,121.13388343680066,0.05216912834271886,3,0.7868585329014944
149,Double_Bottom,1d,long,2024-06-07 00:00:00+00:00,2025-12-01 00:00:00+00:00,388.940904,210.71,923.6336159999998,2026-01-02 00:00:00+00:00,398.141232,timeout,13,119.60426400000017,8.188969401599998,111.41529459840018,0.04808597770900615,3,0.7868585329014944
150,Double_Bottom,1d,long,2024-06-07 00:00:00+00:00,2025-12-04 00:00:00+00:00,386.999352,210.71,915.8674079999998,2026-01-05 00:00:00+00:00,407.82348,timeout,14,291.5377920000004,8.905672742399998,282.63211925760044,0.11451632381290978,3,0.7868585329014944
151,Double_Bottom,1d,long,2024-06-07 00:00:00+00:00,2025-12-08 00:00:00+00:00,386.00855999999993,210.71,911.9042399999996,2026-01-08 00:00:00+00:00,411.1508160000001,timeout,14,351.99158400000204,8.931871871999999,343.05971212800205,0.13978588958175217,3,0.7868585329014944
152,Double_Bottom,1d,long,2024-06-07 00:00:00+00:00,2025-12-11 00:00:00+00:00,393.43449599999997,210.71,941.6079839999999,2026-01-12 00:00:00+00:00,422.39181600000006,timeout,13,376.44516000000124,8.4881107584,367.9570492416012,0.1549019919212151,3,0.7868585329014944
153,Double_Bottom,1d,long,2024-06-07 00:00:00+00:00,2025-12-15 00:00:00+00:00,396.09662399999996,210.71,952.2564959999997,2026-01-15 00:00:00+00:00,423.39101600000004,timeout,13,354.82709600000095,8.526196889599998,346.30089911040096,0.14369176225357055,3,0.7868585329014944
154,Double_Bottom,1d,long,2024-06-07 00:00:00+00:00,2025-12-18 00:00:00+00:00,398.96891999999997,210.71,963.7456799999998,2026-01-20 00:00:00+00:00,438.73872800000004,timeout,13,517.0075040000008,8.715812768,508.29169123200086,0.20768928698836725,3,0.7868585329014944
155,Double_Bottom,1d,long,2024-06-07 00:00:00+00:00,2025-12-22 00:00:00+00:00,410.31799199999995,210.71,1009.1419679999997,2026-01-22 00:00:00+00:00,455.2954720000001,timeout,12,539.7297600000015,8.3133887232,531.4163712768016,0.22185833925126677,3,0.7868585329014944
156,Double_Bottom,1d,long,2024-06-07 00:00:00+00:00,2025-12-26 00:00:00+00:00,417.253536,210.71,1036.8841439999999,2026-01-26 00:00:00+00:00,463.5988240000001,timeout,12,556.1434560000012,8.4597459456,547.6837100544011,0.22097185927522853,3,0.7868585329014944
157,Double_Bottom,1d,long,2024-06-07 00:00:00+00:00,2025-12-29 00:00:00+00:00,399.90967199999994,210.71,967.5086879999997,2026-01-29 00:00:00+00:00,499.6,timeout,13,1295.974264000001,9.359060588799998,1286.615203411201,0.5231002739920189,3,0.7868585329014944
158,Double_Bottom,1d,long,2024-06-07 00:00:00+00:00,2026-01-02 00:00:00+00:00,398.77876799999996,210.71,962.9850719999997,2026-02-02 00:00:00+00:00,438.43896800000005,timeout,13,515.5826000000011,8.7107151872,506.8718848128011,0.2073185537409385,3,0.7868585329014944
159,Double_Bottom,1d,long,2024-06-07 00:00:00+00:00,2026-01-05 00:00:00+00:00,408.47651999999994,210.71,1001.7760799999998,2026-02-05 00:00:00+00:00,431.824264,timeout,13,303.5206720000012,8.742723807999997,294.7779481920012,0.11465654947055802,3,0.7868585329014944
160,Double_Bottom,1d,long,2024-06-07 00:00:00+00:00,2026-01-08 00:00:00+00:00,411.80918399999996,210.71,1015.1067359999998,2026-02-09 00:00:00+00:00,461.98012000000006,timeout,13,652.2221680000013,9.0912555136,643.1309124864013,0.24600601389213053,3,0.7868585329014944
161,Double_Bottom,1d,long,2024-06-07 00:00:00+00:00,2026-01-12 00:00:00+00:00,423.068184,210.71,1060.1427359999998,2026-02-12 00:00:00+00:00,451.52848800000004,timeout,12,341.5236480000008,8.399598566399998,333.12404943360076,0.13072412341216888,3,0.7868585329014944
162,Double_Bottom,1d,long,2024-06-07 00:00:00+00:00,2026-01-15 00:00:00+00:00,424.068984,210.71,1064.145936,2026-02-17 00:00:00+00:00,446.3026720000001,timeout,12,266.80425600000103,8.358998246399999,258.445257753601,0.10094304167102748,3,0.7868585329014944
163,Double_Bottom,1d,long,2024-06-07 00:00:00+00:00,2026-01-20 00:00:00+00:00,439.4412719999999,210.71,1125.6350879999995,2026-02-20 00:00:00+00:00,469.38419200000004,timeout,11,329.3721200000014,8.000971193599998,321.37114880640144,0.12772874791864988,3,0.7868585329014944
164,Double_Bottom,1d,long,2024-06-07 00:00:00+00:00,2026-01-23 00:00:00+00:00,458.86679999999996,210.71,1203.3371999999997,2026-02-23 00:00:00+00:00,480.90496800000005,timeout,11,242.41984800000108,8.273379839999999,234.1464681600011,0.08577658383731618,3,0.7868585329014944
165,Double_Bottom,1d,long,2024-06-07 00:00:00+00:00,2026-01-26 00:00:00+00:00,464.34117599999996,210.71,1225.2347039999997,2026-02-26 00:00:00+00:00,475.87899200000004,timeout,10,115.37816000000078,7.524809407999999,107.85335059200078,0.042523696137418375,3,0.7868585329014944
166,Double_Bottom,1d,long,2024-06-07 00:00:00+00:00,2026-01-29 00:00:00+00:00,500.4,210.71,1369.4699999999998,2026-03-02 00:00:00+00:00,490.80704000000003,timeout,9,-86.33663999999953,7.139519999999999,-93.47615999999954,-0.03585294625289085,3,0.7868585329014944
167,Double_Bottom,1d,long,2024-06-07 00:00:00+00:00,2026-02-02 00:00:00+00:00,439.141032,210.71,1124.4341279999999,2026-03-05 00:00:00+00:00,466.94614400000006,timeout,12,333.6613440000008,8.7020259072,324.9593180928008,0.11854756745309485,3,0.7868585329014944
168,Double_Bottom,1d,long,2024-06-07 00:00:00+00:00,2026-02-05 00:00:00+00:00,432.515736,210.71,1097.932944,2026-03-09 00:00:00+00:00,471.9221600000001,timeout,12,472.87708800000087,8.6862310656,464.19085693440087,0.17439842678910736,3,0.7868585329014944
169,Double_Bottom,1d,long,2024-06-07 00:00:00+00:00,2026-02-09 00:00:00+00:00,462.71988,210.71,1218.7495199999998,2026-03-12 00:00:00+00:00,467.99530400000003,timeout,11,58.02966400000048,8.193590944,49.83607305600048,0.017977676494270955,3,0.7868585329014944
170,Double_Bottom,1d,long,2024-06-07 00:00:00+00:00,2026-02-12 00:00:00+00:00,452.25151199999993,210.71,1176.8760479999996,2026-03-16 00:00:00+00:00,460.03168,timeout,12,93.36201600000072,8.761454515199997,84.60056148480072,0.02918772318689494,3,0.7868585329014944
171,Double_Bottom,1d,long,2024-06-07 00:00:00+00:00,2026-02-17 00:00:00+00:00,447.01732799999996,210.71,1155.9393119999997,2026-03-20 00:00:00+00:00,412.4198,timeout,12,-415.17033599999945,8.2537663488,-423.42410234879947,-0.14931971073872058,3,0.7868585329014944
172,Double_Bottom,1d,long,2024-06-07 00:00:00+00:00,2026-02-20 00:00:00+00:00,470.13580799999994,210.71,1248.4132319999999,2026-03-23 00:00:00+00:00,407.62364,timeout,11,-687.633847999999,7.727155110399998,-695.361003110399,-0.24367134917586888,3,0.7868585329014944
173,Double_Bottom,1d,long,2024-06-07 00:00:00+00:00,2026-02-23 00:00:00+00:00,481.675032,210.71,1294.5701279999998,2026-03-26 00:00:00+00:00,404.37624000000005,timeout,10,-772.9879199999993,7.091000255999999,-780.0789202559994,-0.2878891473553678,3,0.7868585329014944
174,Double_Bottom,1d,long,2024-06-07 00:00:00+00:00,2026-02-26 00:00:00+00:00,476.64100799999994,210.71,1274.4340319999997,2026-03-30 00:00:00+00:00,414.08846400000004,timeout,10,-625.525439999999,7.128488063999999,-632.6539280639989,-0.23790152672380316,3,0.7868585329014944
175,Double_Bottom,1d,long,2024-06-07 00:00:00+00:00,2026-03-02 00:00:00+00:00,491.59295999999995,210.71,1334.2418399999997,2026-04-02 00:00:00+00:00,429.44616800000006,timeout,10,-621.4679199999989,7.371063679999999,-628.8389836799989,-0.22387936373213924,3,0.7868585329014944
176,Double_Bottom,1d,long,2024-06-07 00:00:00+00:00,2026-03-05 00:00:00+00:00,467.6938559999999,210.71,1238.6454239999998,2026-04-06 00:00:00+00:00,427.65760000000006,timeout,11,-440.39881599999853,7.882105932799998,-448.28092193279855,-0.15858121097225608,3,0.7868585329014944
177,Double_Bottom,1d,long,2024-06-07 00:00:00+00:00,2026-03-09 00:00:00+00:00,472.67783999999995,210.71,1258.5813599999997,2026-04-09 00:00:00+00:00,437.34984000000003,timeout,11,-388.6079999999991,8.011324991999999,-396.61932499199906,-0.13763636892223077,3,0.7868585329014944
178,Double_Bottom,1d,long,2024-06-07 00:00:00+00:00,2026-03-12 00:00:00+00:00,468.744696,210.71,1242.8487839999998,2026-04-13 00:00:00+00:00,436.660392,timeout,11,-352.9273439999997,7.970641324799999,-360.8979853247997,-0.12714921003026655,3,0.7868585329014944
179,Double_Bottom,1d,long,2024-06-07 00:00:00+00:00,2026-03-16 00:00:00+00:00,460.76831999999996,210.71,1210.9432799999997,2026-04-16 00:00:00+00:00,439.70795200000003,timeout,11,-231.66404799999918,7.927289215999998,-239.59133721599918,-0.08710380304882448,3,0.7868585329014944
180,Double_Bottom,1d,long,2024-06-07 00:00:00+00:00,2026-03-19 00:00:00+00:00,426.74111999999997,210.71,1074.8344799999998,2026-04-20 00:00:00+00:00,442.3058720000001,timeout,13,202.34177600000146,9.041771647999997,193.30000435200145,0.06882911639767508,3,0.7868585329014944
181,Double_Bottom,1d,long,2024-06-07 00:00:00+00:00,2026-03-23 00:00:00+00:00,408.27635999999995,210.71,1000.9754399999998,2026-04-23 00:00:00+00:00,430.75512000000003,timeout,14,314.7026400000011,9.401015231999999,305.3016247680011,0.11037941333737224,3,0.7868585329014944
182,Double_Bottom,1d,long,2024-06-07 00:00:00+00:00,2026-03-26 00:00:00+00:00,405.0237599999999,210.71,987.9650399999997,2026-04-27 00:00:00+00:00,430.535296,timeout,14,357.1615040000013,9.362122111999998,347.7993818880013,0.12784896443772228,3,0.7868585329014944
183,Double_Bottom,1d,long,2024-06-07 00:00:00+00:00,2026-03-30 00:00:00+00:00,414.751536,210.71,1026.8761439999998,2026-04-30 00:00:00+00:00,424.540096,timeout,13,127.25128000000024,8.7321679744,118.51911202560024,0.044681367087924785,3,0.7868585329014944
184,Double_Bottom,1d,long,2024-06-07 00:00:00+00:00,2026-04-02 00:00:00+00:00,430.133832,210.71,1088.4053279999998,2026-05-04 00:00:00+00:00,414.66800000000006,timeout,12,-185.58998399999905,8.1132847872,-193.70326878719905,-0.07356511331731697,3,0.7868585329014944
185,Double_Bottom,1d,long,2024-06-07 00:00:00+00:00,2026-04-06 00:00:00+00:00,428.34239999999994,210.71,1081.2395999999997,2026-05-07 00:00:00+00:00,431.544488,timeout,12,38.42505600000072,8.258231039999998,30.166824960000724,0.011551138892922475,3,0.7868585329014944
186,Double_Bottom,1d,long,2024-06-07 00:00:00+00:00,2026-04-09 00:00:00+00:00,438.05015999999995,210.71,1120.0706399999997,2026-05-11 00:00:00+00:00,437.34984000000003,timeout,12,-8.403839999999036,8.407201535999999,-16.811041535999035,-0.006162220207815108,3,0.7868585329014944
187,Double_Bottom,1d,long,2024-06-07 00:00:00+00:00,2026-04-13 00:00:00+00:00,437.359608,210.71,1117.3084319999998,2026-05-14 00:00:00+00:00,426.65840000000003,timeout,12,-128.41449599999942,8.297852236799999,-136.71234823679941,-0.05026567566973225,3,0.7868585329014944
188,Double_Bottom,1d,long,2024-06-07 00:00:00+00:00,2026-04-16 00:00:00+00:00,440.41204799999997,210.71,1129.5181919999998,2026-05-18 00:00:00+00:00,420.39341600000006,timeout,11,-220.20495199999903,7.578050022399999,-227.78300202239902,-0.0901495908229774,3,0.7868585329014944
189,Double_Bottom,1d,long,2024-06-07 00:00:00+00:00,2026-04-20 00:00:00+00:00,443.01412799999997,210.71,1139.9265119999998,2026-05-21 00:00:00+00:00,415.96696000000003,timeout,11,-297.51884799999937,7.5619643264,-305.0808123263994,-0.11938926587821955,3,0.7868585329014944
190,Double_Bottom,1d,long,2024-06-07 00:00:00+00:00,2026-04-23 00:00:00+00:00,431.44488,210.71,1093.64952,2026-05-22 00:00:00+00:00,413.16920000000005,end_of_data,12,-219.3081599999996,8.111470848,-227.4196308479996,-0.08585700594305697,3,0.7868585329014944
191,Double_Bottom,1d,long,2024-06-07 00:00:00+00:00,2026-04-27 00:00:00+00:00,431.224704,210.71,1092.7688159999998,2026-05-22 00:00:00+00:00,413.16920000000005,end_of_data,12,-216.66604799999914,8.109357158399998,-224.77540515839914,-0.08494346827411532,3,0.7868585329014944
192,Double_Bottom,1d,long,2024-06-07 00:00:00+00:00,2026-04-30 00:00:00+00:00,425.219904,210.71,1068.7496159999998,2026-05-22 00:00:00+00:00,413.16920000000005,end_of_data,13,-156.6591519999992,8.7226870016,-165.38183900159922,-0.05930579281411613,3,0.7868585329014944
193,Double_Bottom,1d,long,2024-06-07 00:00:00+00:00,2026-05-04 00:00:00+00:00,415.33199999999994,210.71,1029.1979999999996,2026-05-22 00:00:00+00:00,413.16920000000005,end_of_data,13,-28.116399999998578,8.619852799999999,-36.736252799998574,-0.013810174859007788,3,0.7868585329014944
194,Double_Bottom,1d,long,2024-06-07 00:00:00+00:00,2026-05-07 00:00:00+00:00,432.23551199999997,210.71,1096.8120479999998,2026-05-22 00:00:00+00:00,413.16920000000005,end_of_data,12,-228.7957439999991,8.119060915199999,-236.9148049151991,-0.08912246824916459,3,0.7868585329014944
195,Double_Bottom,1d,long,2024-06-07 00:00:00+00:00,2026-05-11 00:00:00+00:00,438.05015999999995,210.71,1120.0706399999997,2026-05-22 00:00:00+00:00,413.16920000000005,end_of_data,12,-298.5715199999988,8.174881536,-306.7464015359988,-0.11244031907077003,3,0.7868585329014944
196,Double_Bottom,1d,long,2024-06-07 00:00:00+00:00,2026-05-14 00:00:00+00:00,427.34159999999997,210.71,1077.2363999999998,2026-05-22 00:00:00+00:00,413.16920000000005,end_of_data,12,-170.0687999999991,8.07207936,-178.1408793599991,-0.06852681363199056,3,0.7868585329014944
197,Double_Bottom,1d,long,2024-06-07 00:00:00+00:00,2026-05-18 00:00:00+00:00,421.066584,210.71,1052.1363359999998,2026-05-22 00:00:00+00:00,413.16920000000005,end_of_data,13,-102.66599199999911,8.6794924736,-111.3454844735991,-0.04071675392484949,3,0.7868585329014944
198,Double_Bottom,1d,long,2024-06-07 00:00:00+00:00,2026-05-21 00:00:00+00:00,416.63304,210.71,1034.4021599999999,2026-05-22 00:00:00+00:00,413.16920000000005,end_of_data,13,-45.02991999999932,8.633383616,-53.663303615999325,-0.02004606396642138,3,0.7868585329014944
